timestamp,station,sea_surface_temperature,latitude,longitude,station_id,salinity,current_u,current_v,current_speed,current_direction
2026-09-09 20:00:00,0,22.228827,34.70000076293945,-72.5999984741211,41001,35.255333,0.23183542,-0.11906242,0.26062143,117.18342
2026-09-09 20:00:00,1,23.1408,32.29999923706055,-75.4000015258789,41002,35.084675,0.23247005,-0.0990676,0.25269887,113.08137
2026-09-09 20:00:00,2,22.940641,32.5,-79.0999984741211,41004,35.16496,0.2741786,-0.079899065,0.2855832,106.24677
2026-09-09 20:00:00,3,23.767864,28.5,-80.19999694824219,41009,35.10912,0.2920337,0.012606825,0.29230568,87.52812
2026-09-09 20:00:00,4,23.824125,28.899999618530273,-78.5,41010,35.167427,0.24323885,0.0791384,0.255789,71.97756
2026-09-09 20:00:00,5,26.242,14.5,-53.400001525878906,41040,35.642914,0.08095883,0.18727715,0.20402712,23.378548
2026-09-09 20:00:00,6,25.259153,21.0,-64.80000305175781,41043,35.440594,0.23366672,0.08644887,0.24914563,69.697205
2026-09-09 20:00:00,7,25.405987,21.600000381469727,-65.80000305175781,41044,35.399082,0.18739647,0.09758857,0.21128409,62.491302
2026-09-09 20:00:00,8,24.756563,23.799999237060547,-68.30000305175781,41046,35.440968,0.23279391,0.045182317,0.23713803,79.01618
2026-09-09 20:00:00,9,23.986534,27.5,-71.5,41047,35.380424,0.24588138,0.03687992,0.24863182,81.46976
2026-09-09 20:00:00,10,24.290087,25.899999618530273,-89.69999694824219,42001,35.27837,0.22461265,0.052133843,0.23058356,76.93271
2026-09-09 20:00:00,11,24.325607,26.0,-93.5999984741211,42002,35.273537,0.26745364,0.014257353,0.26783338,86.94858
2026-09-09 20:00:00,12,24.003426,26.0,-85.5999984741211,42003,35.369873,0.26480955,0.041126046,0.26798403,81.17224
2026-09-09 20:00:00,13,23.94063,28.5,-84.5,42036,35.14795,0.31310678,0.054221373,0.3177669,80.1754
2026-09-09 20:00:00,14,23.750896,28.799999237060547,-86.0,42039,35.164684,0.22283664,0.004503103,0.22288214,88.842316
2026-09-09 20:00:00,15,23.538486,29.200000762939453,-88.19999694824219,42040,35.207947,0.36557996,0.10531445,0.38044688,73.92963
2026-09-09 20:00:00,16,24.703876,23.399999618530273,-162.10000610351562,51001,35.766357,0.20267941,0.12357694,0.23738198,58.628654
2026-09-09 20:00:00,17,26.145731,17.100000381469727,-157.8000030517578,51002,35.80999,0.02766724,0.07842418,0.08316146,19.432314
2026-09-09 20:00:00,18,25.714315,19.200000762939453,-160.60000610351562,51003,35.765408,0.19805275,0.19800088,0.2800522,45.007504
2026-09-09 20:00:00,19,25.789227,17.5,-152.5,51004,35.802338,0.151479,0.11060747,0.18756305,53.863697
2026-09-09 20:00:00,20,27.270077,0.0,-140.0,51028,35.955074,-0.029214364,0.22063597,0.2225617,352.45737
2026-09-09 20:00:00,21,26.93513,-8.0,-95.0,52001,35.628002,-0.05703336,0.12485531,0.13726489,335.44928
2026-09-09 20:00:00,22,26.924675,0.0,-35.0,52002,35.988697,-0.042338543,0.26112792,0.26453796,350.79037
2026-09-09 20:00:00,23,26.929379,8.0,67.0,52003,36.536564,0.011207275,0.10535431,0.10594873,6.0721173
2026-09-09 20:00:00,24,26.54692,12.0,90.0,52004,36.562275,0.111996554,0.19583559,0.22559877,29.764835
2026-09-10 02:00:00,0,22.82034,34.70000076293945,-72.5999984741211,41001,34.97564,0.25351572,-0.07027183,0.26307482,105.49279
2026-09-10 02:00:00,1,23.254635,32.29999923706055,-75.4000015258789,41002,35.09267,0.24899673,0.00090378895,0.24899837,89.79202
2026-09-10 02:00:00,2,23.257683,32.5,-79.0999984741211,41004,35.242004,0.2291048,-0.044702712,0.23342523,101.04077
2026-09-10 02:00:00,3,24.310144,28.5,-80.19999694824219,41009,35.129402,0.20990309,0.08745079,0.22739162,67.38219
2026-09-10 02:00:00,4,24.376215,28.899999618530273,-78.5,41010,35.196213,0.3028528,-0.000590791,0.30285338,90.11176
2026-09-10 02:00:00,5,26.919888,14.5,-53.400001525878906,41040,35.66195,0.120449625,0.15030216,0.19261062,38.708096
2026-09-10 02:00:00,6,25.826218,21.0,-64.80000305175781,41043,35.477047,0.24131906,0.13498403,0.276506,60.779133
2026-09-10 02:00:00,7,25.687418,21.600000381469727,-65.80000305175781,41044,35.338184,0.20326743,0.1249816,0.23861694,58.414177
2026-09-10 02:00:00,8,25.294525,23.799999237060547,-68.30000305175781,41046,35.387653,0.3079083,-0.013207816,0.30819145,92.45621
2026-09-10 02:00:00,9,24.74052,27.5,-71.5,41047,35.20416,0.28140146,0.07566228,0.29139587,74.950424
2026-09-10 02:00:00,10,24.92607,25.899999618530273,-89.69999694824219,42001,35.212093,0.30726066,-0.018889476,0.30784076,93.517944
2026-09-10 02:00:00,11,25.028637,26.0,-93.5999984741211,42002,35.219093,0.23617658,0.034428652,0.23867281,81.70612
2026-09-10 02:00:00,12,25.012806,26.0,-85.5999984741211,42003,35.36568,0.24352694,0.103449866,0.2645888,66.98428
2026-09-10 02:00:00,13,24.32273,28.5,-84.5,42036,35.204086,0.30023965,0.06200509,0.30657542,78.33139
2026-09-10 02:00:00,14,24.5131,28.799999237060547,-86.0,42039,35.3472,0.2493219,0.053844646,0.2550699,77.81332
2026-09-10 02:00:00,15,24.365145,29.200000762939453,-88.19999694824219,42040,35.19485,0.18547188,0.067402765,0.19733968,70.02823
2026-09-10 02:00:00,16,25.491302,23.399999618530273,-162.10000610351562,51001,35.642204,0.1819929,0.057336487,0.19081114,72.51307
2026-09-10 02:00:00,17,26.29991,17.100000381469727,-157.8000030517578,51002,36.023888,0.23962334,0.17340365,0.295784,54.10858
2026-09-10 02:00:00,18,26.118906,19.200000762939453,-160.60000610351562,51003,35.85554,0.059873953,0.102493435,0.118700445,30.292341
2026-09-10 02:00:00,19,26.650366,17.5,-152.5,51004,35.730953,0.17411831,0.09243487,0.19713293,62.037327
2026-09-10 02:00:00,20,27.683144,0.0,-140.0,51028,35.939487,0.0031675883,0.13242355,0.13246143,1.370261
2026-09-10 02:00:00,21,27.178415,-8.0,-95.0,52001,35.701378,-0.06151905,0.080265746,0.10112953,322.53192
2026-09-10 02:00:00,22,27.895367,0.0,-35.0,52002,35.93933,0.07389456,0.17784351,0.19258432,22.563044
2026-09-10 02:00:00,23,27.298927,8.0,67.0,52003,36.694008,0.051551677,0.1992599,0.20582052,14.505272
2026-09-10 02:00:00,24,26.942884,12.0,90.0,52004,36.657967,0.07639526,0.19834612,0.2125498,21.064754
2026-09-10 08:00:00,0,23.108786,34.70000076293945,-72.5999984741211,41001,35.106014,0.32101426,-0.018530775,0.32154867,93.303764
2026-09-10 08:00:00,1,23.557577,32.29999923706055,-75.4000015258789,41002,35.13038,0.24330969,0.0064956713,0.24339639,88.470726
2026-09-10 08:00:00,2,23.71386,32.5,-79.0999984741211,41004,35.114147,0.29709795,-0.042549662,0.3001294,98.15034
2026-09-10 08:00:00,3,24.48417,28.5,-80.19999694824219,41009,35.433807,0.20197168,-0.027721234,0.20386522,97.815186
2026-09-10 08:00:00,4,24.175417,28.899999618530273,-78.5,41010,35.150322,0.2421562,0.039787192,0.24540302,80.66945
2026-09-10 08:00:00,5,26.957453,14.5,-53.400001525878906,41040,35.535614,0.27024326,0.1329312,0.30116794,63.80767
2026-09-10 08:00:00,6,26.039665,21.0,-64.80000305175781,41043,35.59989,0.15679546,0.11114105,0.1921904,54.669907
2026-09-10 08:00:00,7,25.950802,21.600000381469727,-65.80000305175781,41044,35.40348,0.18658344,0.09050746,0.20737642,64.12301
2026-09-10 08:00:00,8,25.523842,23.799999237060547,-68.30000305175781,41046,35.48262,0.25483102,0.0451375,0.25879768,79.955536
2026-09-10 08:00:00,9,24.893303,27.5,-71.5,41047,35.317623,0.20803931,-0.05279232,0.21463314,104.238884
2026-09-10 08:00:00,10,25.204298,25.899999618530273,-89.69999694824219,42001,35.398064,0.2977937,0.15569858,0.33604038,62.397606
2026-09-10 08:00:00,11,24.70457,26.0,-93.5999984741211,42002,35.29967,0.20084554,0.17864962,0.2688022,48.3473
2026-09-10 08:00:00,12,25.026669,26.0,-85.5999984741211,42003,35.228027,0.13729648,0.09103285,0.16473404,56.45409
2026-09-10 08:00:00,13,25.012604,28.5,-84.5,42036,35.310158,0.27799323,0.0028620232,0.27800795,89.41013
2026-09-10 08:00:00,14,24.205235,28.799999237060547,-86.0,42039,35.124928,0.23307672,-0.039549217,0.23640832,99.6304
2026-09-10 08:00:00,15,24.375534,29.200000762939453,-88.19999694824219,42040,35.351986,0.3321213,0.018974032,0.33266285,86.73025
2026-09-10 08:00:00,16,25.52061,23.399999618530273,-162.10000610351562,51001,35.65354,0.20192528,0.017195407,0.20265612,85.13258
2026-09-10 08:00:00,17,26.382431,17.100000381469727,-157.8000030517578,51002,35.77448,0.14620616,0.15530655,0.21329877,43.271194
2026-09-10 08:00:00,18,26.269783,19.200000762939453,-160.60000610351562,51003,35.91642,0.19008052,0.13176094,0.23128241,55.27088
2026-09-10 08:00:00,19,26.692234,17.5,-152.5,51004,35.812115,0.1796014,0.110736325,0.21099573,58.343376
2026-09-10 08:00:00,20,27.769867,0.0,-140.0,51028,35.888042,0.10066681,0.21118777,0.23395315,25.485722
2026-09-10 08:00:00,21,27.354805,-8.0,-95.0,52001,35.6444,-0.0012672171,0.20986679,0.20987062,359.65405
2026-09-10 08:00:00,22,27.762203,0.0,-35.0,52002,35.892002,0.018894052,0.26863366,0.2692973,4.02321
2026-09-10 08:00:00,23,27.559277,8.0,67.0,52003,36.5166,0.04903097,0.1866315,0.19296463,14.71985
2026-09-10 08:00:00,24,27.134375,12.0,90.0,52004,36.474903,0.12026568,0.19720946,0.23098789,31.376392
2026-09-10 14:00:00,0,22.602036,34.70000076293945,-72.5999984741211,41001,35.104034,0.31477576,-0.048545774,0.3184972,98.767265
2026-09-10 14:00:00,1,23.138569,32.29999923706055,-75.4000015258789,41002,35.158096,0.30775908,-0.03742281,0.310026,96.93299
2026-09-10 14:00:00,2,23.088308,32.5,-79.0999984741211,41004,35.01951,0.16843101,-0.0025960263,0.16845101,90.883026
2026-09-10 14:00:00,3,23.800869,28.5,-80.19999694824219,41009,35.28409,0.31946886,0.051731393,0.32363015,80.80196
2026-09-10 14:00:00,4,23.817003,28.899999618530273,-78.5,41010,35.24699,0.15614645,-0.013179732,0.15670168,94.82468
2026-09-10 14:00:00,5,26.404474,14.5,-53.400001525878906,41040,35.650997,0.2285745,0.14333211,0.26979697,57.90942
2026-09-10 14:00:00,6,25.683842,21.0,-64.80000305175781,41043,35.509712,0.17775534,0.121328704,0.21521528,55.684113
2026-09-10 14:00:00,7,25.415155,21.600000381469727,-65.80000305175781,41044,35.436413,0.18323036,0.18526578,0.26057008,44.68352
2026-09-10 14:00:00,8,24.946552,23.799999237060547,-68.30000305175781,41046,35.410416,0.2090092,0.11991075,0.24096355,60.156654
2026-09-10 14:00:00,9,24.219004,27.5,-71.5,41047,35.361126,0.251376,0.08881887,0.26660585,70.540115
2026-09-10 14:00:00,10,24.700445,25.899999618530273,-89.69999694824219,42001,35.371094,0.12635237,0.03380411,0.13079618,75.02196
2026-09-10 14:00:00,11,24.590174,26.0,-93.5999984741211,42002,35.37453,0.1504071,0.028904479,0.15315928,79.1218
2026-09-10 14:00:00,12,24.340384,26.0,-85.5999984741211,42003,35.47703,0.27044678,-0.029959098,0.2721011,96.321236
2026-09-10 14:00:00,13,24.27534,28.5,-84.5,42036,35.255737,0.19676018,-0.054812618,0.20425227,105.56654
2026-09-10 14:00:00,14,23.854174,28.799999237060547,-86.0,42039,35.198494,0.2992339,0.005701771,0.2992882,88.90839
2026-09-10 14:00:00,15,23.789856,29.200000762939453,-88.19999694824219,42040,35.114582,0.2762067,0.07558056,0.2863609,74.696335
2026-09-10 14:00:00,16,24.780348,23.399999618530273,-162.10000610351562,51001,35.66117,0.2760727,0.11198434,0.29792053,67.920876
2026-09-10 14:00:00,17,26.200146,17.100000381469727,-157.8000030517578,51002,35.614807,0.17232053,0.06290175,0.18344207,69.94652
2026-09-10 14:00:00,18,25.719906,19.200000762939453,-160.60000610351562,51003,35.81292,0.27398154,0.084237196,0.2866388,72.90965
2026-09-10 14:00:00,19,25.88614,17.5,-152.5,51004,35.7585,0.13991228,0.14494866,0.20145857,43.987106
2026-09-10 14:00:00,20,27.33641,0.0,-140.0,51028,35.768253,-0.016961887,0.20300776,0.20371513,355.22388
2026-09-10 14:00:00,21,27.073244,-8.0,-95.0,52001,35.760647,-0.0781899,0.16313305,0.18090343,334.39154
2026-09-10 14:00:00,22,27.45388,0.0,-35.0,52002,35.892406,0.0002678098,0.21192455,0.21192472,0.07240484
2026-09-10 14:00:00,23,26.90902,8.0,67.0,52003,36.53639,-0.0035029948,0.1511353,0.15117589,358.67224
2026-09-10 14:00:00,24,26.932673,12.0,90.0,52004,36.60141,0.12720846,0.17902422,0.21961708,35.39629
2026-09-10 20:00:00,0,22.103348,34.70000076293945,-72.5999984741211,41001,35.076004,0.32679173,-0.0838682,0.33738214,104.3938
2026-09-10 20:00:00,1,22.793472,32.29999923706055,-75.4000015258789,41002,35.002506,0.21346454,-0.028044498,0.21529888,97.48453
2026-09-10 20:00:00,2,22.605675,32.5,-79.0999984741211,41004,35.066933,0.2823019,-0.09067543,0.296507,107.80702
2026-09-10 20:00:00,3,23.995749,28.5,-80.19999694824219,41009,35.32799,0.22991061,-0.026654761,0.23145057,96.613075
2026-09-10 20:00:00,4,23.823816,28.899999618530273,-78.5,41010,35.10017,0.22957572,0.025334725,0.2309694,83.70262
2026-09-10 20:00:00,5,26.539152,14.5,-53.400001525878906,41040,35.621502,0.23387572,0.089657605,0.25047225,69.02538
2026-09-10 20:00:00,6,25.479303,21.0,-64.80000305175781,41043,35.452644,0.24187271,0.12168664,0.27075827,63.292934
2026-09-10 20:00:00,7,25.146074,21.600000381469727,-65.80000305175781,41044,35.572586,0.20899154,0.08870465,0.22703739,67.00162
2026-09-10 20:00:00,8,24.63932,23.799999237060547,-68.30000305175781,41046,35.482307,0.23755637,0.05549565,0.24395245,76.850914
2026-09-10 20:00:00,9,24.087152,27.5,-71.5,41047,35.29576,0.14228648,0.0075944364,0.142489,86.94477
2026-09-10 20:00:00,10,24.206476,25.899999618530273,-89.69999694824219,42001,35.24034,0.23862341,0.053120125,0.24446447,77.449974
2026-09-10 20:00:00,11,24.407824,26.0,-93.5999984741211,42002,35.265404,0.30892974,-0.028727405,0.31026256,95.31265
2026-09-10 20:00:00,12,24.352394,26.0,-85.5999984741211,42003,35.30312,0.34944564,0.039779805,0.35170257,83.50558
2026-09-10 20:00:00,13,23.78938,28.5,-84.5,42036,35.315758,0.23665307,-0.020756405,0.23756158,95.012474
2026-09-10 20:00:00,14,23.390436,28.799999237060547,-86.0,42039,35.377274,0.24952221,0.06487545,0.25781807,75.42585
2026-09-10 20:00:00,15,23.78894,29.200000762939453,-88.19999694824219,42040,35.174973,0.22507608,0.0050046183,0.22513172,88.72622
2026-09-10 20:00:00,16,24.678364,23.399999618530273,-162.10000610351562,51001,35.79977,0.18662177,-0.01734513,0.18742609,95.30997
2026-09-10 20:00:00,17,25.818789,17.100000381469727,-157.8000030517578,51002,35.77238,0.1405819,0.09355985,0.16886893,56.355503
2026-09-10 20:00:00,18,25.604557,19.200000762939453,-160.60000610351562,51003,35.80247,0.2082548,0.16583481,0.26621655,51.46943
2026-09-10 20:00:00,19,26.097042,17.5,-152.5,51004,35.795227,0.21079767,0.07246497,0.22290543,71.02879
2026-09-10 20:00:00,20,27.280252,0.0,-140.0,51028,35.881813,-0.08370489,0.2371066,0.25144792,340.55563
2026-09-10 20:00:00,21,26.97085,-8.0,-95.0,52001,35.6292,-0.08082986,0.21570799,0.23035495,339.45807
2026-09-10 20:00:00,22,27.181068,0.0,-35.0,52002,35.89162,0.038265675,0.20323148,0.20680256,10.663162
2026-09-10 20:00:00,23,26.977627,8.0,67.0,52003,36.78118,0.075647786,0.20891401,0.22218832,19.905327
2026-09-10 20:00:00,24,26.570145,12.0,90.0,52004,36.687172,0.14675415,0.24568672,0.28617957,30.85081
2026-09-11 02:00:00,0,22.794632,34.70000076293945,-72.5999984741211,41001,35.033302,0.2654588,-0.07445563,0.27570277,105.66769
2026-09-11 02:00:00,1,23.561085,32.29999923706055,-75.4000015258789,41002,35.03788,0.22626595,-0.07840228,0.2394644,109.11145
2026-09-11 02:00:00,2,23.438303,32.5,-79.0999984741211,41004,35.243553,0.3041321,-0.0545475,0.30898505,100.168144
2026-09-11 02:00:00,3,24.458572,28.5,-80.19999694824219,41009,35.287994,0.24289611,0.00786328,0.24302337,88.145805
2026-09-11 02:00:00,4,24.33702,28.899999618530273,-78.5,41010,35.165485,0.24074881,0.009967442,0.24095505,87.629196
2026-09-11 02:00:00,5,26.720572,14.5,-53.400001525878906,41040,35.714783,0.21486777,0.037273154,0.2180767,80.15881
2026-09-11 02:00:00,6,25.75381,21.0,-64.80000305175781,41043,35.490147,0.20001018,0.16096802,0.25673872,51.172916
2026-09-11 02:00:00,7,25.556486,21.600000381469727,-65.80000305175781,41044,35.43084,0.23347363,0.034804787,0.23605362,81.52114
2026-09-11 02:00:00,8,25.221836,23.799999237060547,-68.30000305175781,41046,35.379684,0.20975499,0.15949738,0.2635082,52.75069
2026-09-11 02:00:00,9,24.460985,27.5,-71.5,41047,35.15876,0.26913527,0.10359491,0.28838465,68.9474
2026-09-11 02:00:00,10,24.904062,25.899999618530273,-89.69999694824219,42001,35.429974,0.23180367,-0.027591757,0.23344003,96.78802
2026-09-11 02:00:00,11,25.06342,26.0,-93.5999984741211,42002,35.290676,0.30401745,0.019246843,0.30462608,86.37753
2026-09-11 02:00:00,12,25.008017,26.0,-85.5999984741211,42003,35.34158,0.16207534,0.044365715,0.16803789,74.69114
2026-09-11 02:00:00,13,24.278978,28.5,-84.5,42036,35.15803,0.23974675,0.118282594,0.26733738,63.739887
2026-09-11 02:00:00,14,24.169472,28.799999237060547,-86.0,42039,35.260773,0.31220564,-0.008692083,0.3123266,91.59475
2026-09-11 02:00:00,15,24.394178,29.200000762939453,-88.19999694824219,42040,35.24735,0.23180725,0.010857706,0.2320614,87.31825
2026-09-11 02:00:00,16,25.534159,23.399999618530273,-162.10000610351562,51001,35.771816,0.24245101,-0.009278335,0.24262848,92.191574
2026-09-11 02:00:00,17,26.53147,17.100000381469727,-157.8000030517578,51002,35.928642,0.13697241,0.19310266,0.23674898,35.349003
2026-09-11 02:00:00,18,25.878805,19.200000762939453,-160.60000610351562,51003,35.83598,0.25863725,0.14207858,0.29509243,61.21845
2026-09-11 02:00:00,19,26.375696,17.5,-152.5,51004,35.86785,0.1552926,0.09842217,0.18385515,57.634075
2026-09-11 02:00:00,20,27.612225,0.0,-140.0,51028,35.868275,-0.029571068,0.16466513,0.1672993,349.81915
2026-09-11 02:00:00,21,27.251902,-8.0,-95.0,52001,35.6799,-0.09565578,0.26960063,0.28606734,340.46503
2026-09-11 02:00:00,22,27.88871,0.0,-35.0,52002,35.892914,-0.03461588,0.24033621,0.2428163,351.804
2026-09-11 02:00:00,23,27.313265,8.0,67.0,52003,36.594982,-0.01799579,0.15584335,0.15687893,353.41302
2026-09-11 02:00:00,24,27.00535,12.0,90.0,52004,36.685192,0.111252904,0.09475915,0.14613865,49.57745
2026-09-11 08:00:00,0,22.734568,34.70000076293945,-72.5999984741211,41001,35.07465,0.3140099,-0.10602747,0.33142728,108.65758
2026-09-11 08:00:00,1,23.50294,32.29999923706055,-75.4000015258789,41002,35.189697,0.31608486,0.011180669,0.31628254,87.97415
2026-09-11 08:00:00,2,23.40501,32.5,-79.0999984741211,41004,35.102116,0.27545127,-0.008121431,0.275571,91.68882
2026-09-11 08:00:00,3,24.446524,28.5,-80.19999694824219,41009,35.206192,0.33005017,0.04965916,0.3337651,81.44349
2026-09-11 08:00:00,4,24.326979,28.899999618530273,-78.5,41010,35.26507,0.21371034,0.03921847,0.21727908,79.60122
2026-09-11 08:00:00,5,27.000298,14.5,-53.400001525878906,41040,35.716053,0.076037176,0.17897864,0.19446081,23.017696
2026-09-11 08:00:00,6,26.066555,21.0,-64.80000305175781,41043,35.501587,0.17692602,0.048960373,0.18357542,74.531746
2026-09-11 08:00:00,7,25.832766,21.600000381469727,-65.80000305175781,41044,35.436478,0.22871813,0.11582459,0.2563734,63.142002
2026-09-11 08:00:00,8,25.469515,23.799999237060547,-68.30000305175781,41046,35.43924,0.1494942,0.07078468,0.16540553,64.662704
2026-09-11 08:00:00,9,24.962797,27.5,-71.5,41047,35.233818,0.26550487,-0.019309776,0.26620612,94.159706
2026-09-11 08:00:00,10,25.154654,25.899999618530273,-89.69999694824219,42001,35.320057,0.31886792,-0.024477765,0.31980607,94.38967
2026-09-11 08:00:00,11,25.014242,26.0,-93.5999984741211,42002,35.30107,0.2506647,0.11906823,0.27750683,64.59181
2026-09-11 08:00:00,12,25.375626,26.0,-85.5999984741211,42003,35.395634,0.25615197,0.11890085,0.28240263,65.10017
2026-09-11 08:00:00,13,24.495892,28.5,-84.5,42036,35.328827,0.17077042,0.01550365,0.17147274,84.81253
2026-09-11 08:00:00,14,24.273008,28.799999237060547,-86.0,42039,35.155296,0.2632557,0.06300626,0.2706905,76.540306
2026-09-11 08:00:00,15,24.509695,29.200000762939453,-88.19999694824219,42040,35.243378,0.23454958,-0.0012755394,0.23455305,90.311584
2026-09-11 08:00:00,16,25.525398,23.399999618530273,-162.10000610351562,51001,35.727745,0.16589965,0.14751631,0.22199945,48.356823
2026-09-11 08:00:00,17,26.615053,17.100000381469727,-157.8000030517578,51002,35.89432,0.18096486,0.18326513,0.25755462,44.638153
2026-09-11 08:00:00,18,26.148787,19.200000762939453,-160.60000610351562,51003,35.85033,0.23330851,0.08891229,0.2496763,69.13849
2026-09-11 08:00:00,19,26.424318,17.5,-152.5,51004,35.91339,0.22072212,0.11522145,0.24898642,62.434517
2026-09-11 08:00:00,20,28.009104,0.0,-140.0,51028,35.897816,-0.011993947,0.113984145,0.11461344,353.99316
2026-09-11 08:00:00,21,27.507734,-8.0,-95.0,52001,35.719296,-0.13636102,0.20866859,0.24927275,326.83615
2026-09-11 08:00:00,22,27.751162,0.0,-35.0,52002,35.921688,-0.056024145,0.19260797,0.20059048,343.7818
2026-09-11 08:00:00,23,27.717941,8.0,67.0,52003,36.736713,0.07598445,0.20627108,0.21982129,20.222374
2026-09-11 08:00:00,24,27.409483,12.0,90.0,52004,36.576187,0.17839223,0.18910879,0.25997293,43.32969
2026-09-11 14:00:00,0,22.282845,34.70000076293945,-72.5999984741211,41001,35.186134,0.25251704,0.037446093,0.2552784,81.565
2026-09-11 14:00:00,1,23.143917,32.29999923706055,-75.4000015258789,41002,35.251266,0.26369628,-0.085159205,0.27710617,107.89756
2026-09-11 14:00:00,2,22.920193,32.5,-79.0999984741211,41004,35.15212,0.17858534,-0.037575852,0.18249565,101.88219
2026-09-11 14:00:00,3,23.985874,28.5,-80.19999694824219,41009,35.17467,0.1972951,0.005846683,0.1973817,88.30258
2026-09-11 14:00:00,4,23.712318,28.899999618530273,-78.5,41010,35.168804,0.19610776,0.09582441,0.2182672,63.95841
2026-09-11 14:00:00,5,26.604422,14.5,-53.400001525878906,41040,35.73378,0.16004293,0.13822404,0.21147014,49.183857
2026-09-11 14:00:00,6,25.376715,21.0,-64.80000305175781,41043,35.462906,0.24618961,0.15658668,0.29176825,57.541965
2026-09-11 14:00:00,7,25.47058,21.600000381469727,-65.80000305175781,41044,35.401306,0.21105309,0.123511225,0.24453717,59.66323
2026-09-11 14:00:00,8,25.052938,23.799999237060547,-68.30000305175781,41046,35.38513,0.19210055,-0.00065467507,0.19210167,90.19526
2026-09-11 14:00:00,9,24.10256,27.5,-71.5,41047,35.36186,0.32930556,0.03187326,0.33084446,84.471596
2026-09-11 14:00:00,10,24.604717,25.899999618530273,-89.69999694824219,42001,35.264748,0.30326295,0.017723681,0.30378044,86.65525
2026-09-11 14:00:00,11,24.433918,26.0,-93.5999984741211,42002,35.314064,0.2834799,0.007745523,0.2835857,88.43489
2026-09-11 14:00:00,12,24.245535,26.0,-85.5999984741211,42003,35.27198,0.1878354,-0.06753959,0.19960894,109.776955
2026-09-11 14:00:00,13,24.111479,28.5,-84.5,42036,35.142582,0.21753429,0.07145126,0.22896823,71.81673
2026-09-11 14:00:00,14,23.81922,28.799999237060547,-86.0,42039,35.121647,0.24602787,0.0060215793,0.24610154,88.59795
2026-09-11 14:00:00,15,23.762884,29.200000762939453,-88.19999694824219,42040,35.20997,0.2499177,0.05107884,0.2550841,78.448814
2026-09-11 14:00:00,16,25.178877,23.399999618530273,-162.10000610351562,51001,35.800392,0.17346293,-0.018004835,0.17439485,95.92587
2026-09-11 14:00:00,17,26.021833,17.100000381469727,-157.8000030517578,51002,35.85534,0.19697727,0.12523764,0.23341918,57.551903
2026-09-11 14:00:00,18,25.782734,19.200000762939453,-160.60000610351562,51003,35.964092,0.2402932,0.17043164,0.29459763,54.65324
2026-09-11 14:00:00,19,25.993956,17.5,-152.5,51004,35.75083,0.10441205,0.16129988,0.19214454,32.915638
2026-09-11 14:00:00,20,27.40781,0.0,-140.0,51028,35.90036,0.07359932,0.15292802,0.16971695,25.70001
2026-09-11 14:00:00,21,27.13327,-8.0,-95.0,52001,35.589584,-0.082472116,0.2804165,0.29229274,343.61108
2026-09-11 14:00:00,22,27.031054,0.0,-35.0,52002,35.838398,-0.056379896,0.14195418,0.15274058,338.33853
2026-09-11 14:00:00,23,27.04228,8.0,67.0,52003,36.73909,0.06135177,0.24549925,0.25304925,14.03118
2026-09-11 14:00:00,24,26.855865,12.0,90.0,52004,36.569027,0.02386278,0.16991675,0.17158419,7.9942255
2026-09-11 20:00:00,0,22.393557,34.70000076293945,-72.5999984741211,41001,34.98684,0.17496634,-0.022361001,0.17638944,97.28301
2026-09-11 20:00:00,1,22.789415,32.29999923706055,-75.4000015258789,41002,35.116943,0.27817684,-0.013599408,0.27850908,92.79883
2026-09-11 20:00:00,2,22.793015,32.5,-79.0999984741211,41004,35.163307,0.29727355,-0.101858646,0.31423995,108.91365
2026-09-11 20:00:00,3,23.57179,28.5,-80.19999694824219,41009,35.164265,0.4188909,-0.101916656,0.43111086,103.67444
2026-09-11 20:00:00,4,23.748491,28.899999618530273,-78.5,41010,35.35287,0.2734488,0.0034900084,0.27347106,89.26877
2026-09-11 20:00:00,5,26.208544,14.5,-53.400001525878906,41040,35.66526,0.09098131,0.09949216,0.13481946,42.441574
2026-09-11 20:00:00,6,25.463896,21.0,-64.80000305175781,41043,35.516876,0.18230194,0.12308676,0.21996441,55.973534
2026-09-11 20:00:00,7,25.344027,21.600000381469727,-65.80000305175781,41044,35.468605,0.18032935,0.101644926,0.2070033,60.591663
2026-09-11 20:00:00,8,24.518114,23.799999237060547,-68.30000305175781,41046,35.125137,0.219405,0.103689,0.24267253,64.70496
2026-09-11 20:00:00,9,24.145086,27.5,-71.5,41047,35.196415,0.26555058,0.09002571,0.2803957,71.27255
2026-09-11 20:00:00,10,24.354368,25.899999618530273,-89.69999694824219,42001,35.320206,0.24130142,0.06604707,0.25017712,74.69238
2026-09-11 20:00:00,11,24.391638,26.0,-93.5999984741211,42002,35.285233,0.28653675,0.06036938,0.2928272,78.10256
2026-09-11 20:00:00,12,24.174274,26.0,-85.5999984741211,42003,35.25002,0.26908144,0.07508209,0.27936023,74.40924
2026-09-11 20:00:00,13,23.521648,28.5,-84.5,42036,35.19778,0.29170406,0.062016793,0.29822364,77.99752
2026-09-11 20:00:00,14,23.799786,28.799999237060547,-86.0,42039,35.156,0.2194343,-0.058925144,0.22720824,105.03114
2026-09-11 20:00:00,15,23.833055,29.200000762939453,-88.19999694824219,42040,35.272884,0.2546395,0.053903446,0.26028228,78.04776
2026-09-11 20:00:00,16,25.018198,23.399999618530273,-162.10000610351562,51001,35.77162,0.22940579,0.117356315,0.25768104,62.907234
2026-09-11 20:00:00,17,25.829632,17.100000381469727,-157.8000030517578,51002,35.703964,0.08689741,0.15226215,0.17531379,29.713797
2026-09-11 20:00:00,18,25.871262,19.200000762939453,-160.60000610351562,51003,35.752247,0.10968705,0.04700821,0.11933575,66.801636
2026-09-11 20:00:00,19,25.507975,17.5,-152.5,51004,35.83438,0.22940567,0.14644475,0.2721636,57.447224
2026-09-11 20:00:00,20,26.832335,0.0,-140.0,51028,36.065304,0.05968973,0.23825863,0.24562174,14.064548
2026-09-11 20:00:00,21,26.814877,-8.0,-95.0,52001,35.695457,-0.12465824,0.19454314,0.23105563,327.3493
2026-09-11 20:00:00,22,27.257309,0.0,-35.0,52002,35.934364,0.03445488,0.21729535,0.22001001,9.009948
2026-09-11 20:00:00,23,26.874546,8.0,67.0,52003,36.812595,0.058258414,0.11006339,0.12453109,27.893024
2026-09-11 20:00:00,24,26.712765,12.0,90.0,52004,36.641106,0.18174966,0.12836939,0.22251211,54.766518
2026-09-12 02:00:00,0,22.824335,34.70000076293945,-72.5999984741211,41001,35.085876,0.27340293,-0.040746387,0.27642256,98.47663
2026-09-12 02:00:00,1,23.684385,32.29999923706055,-75.4000015258789,41002,35.1941,0.22920601,0.019193824,0.23000826,85.21319
2026-09-12 02:00:00,2,23.135155,32.5,-79.0999984741211,41004,35.048767,0.24751547,-0.038666487,0.2505175,98.87889
2026-09-12 02:00:00,3,24.516565,28.5,-80.19999694824219,41009,35.23486,0.26427433,0.071629256,0.27380955,74.83482
2026-09-12 02:00:00,4,24.177582,28.899999618530273,-78.5,41010,35.17098,0.29301944,0.017136637,0.29352012,86.65298
2026-09-12 02:00:00,5,26.872349,14.5,-53.400001525878906,41040,35.521595,0.18287957,0.216039,0.28305086,40.248306
2026-09-12 02:00:00,6,25.655203,21.0,-64.80000305175781,41043,35.51107,0.17451702,0.111427605,0.20705628,57.44212
2026-09-12 02:00:00,7,25.681849,21.600000381469727,-65.80000305175781,41044,35.35157,0.14959666,0.098454475,0.17908782,56.64977
2026-09-12 02:00:00,8,25.30073,23.799999237060547,-68.30000305175781,41046,35.290653,0.27755064,0.04501974,0.28117812,80.78665
2026-09-12 02:00:00,9,24.476234,27.5,-71.5,41047,35.275616,0.2843162,-0.062995136,0.29121143,102.493034
2026-09-12 02:00:00,10,24.855066,25.899999618530273,-89.69999694824219,42001,35.134453,0.24526554,-0.027374014,0.24678843,96.3684
2026-09-12 02:00:00,11,25.07125,26.0,-93.5999984741211,42002,35.342808,0.23775952,0.069995835,0.24784875,73.595695
2026-09-12 02:00:00,12,24.981817,26.0,-85.5999984741211,42003,35.388084,0.29281294,0.08857478,0.30591652,73.16963
2026-09-12 02:00:00,13,24.446236,28.5,-84.5,42036,35.24789,0.19283247,0.08465164,0.21059503,66.29897
2026-09-12 02:00:00,14,24.003008,28.799999237060547,-86.0,42039,35.31742,0.2827284,-0.042710464,0.28593624,98.59045
2026-09-12 02:00:00,15,24.10174,29.200000762939453,-88.19999694824219,42040,35.170025,0.2906925,0.035648003,0.29287013,83.008644
2026-09-12 02:00:00,16,25.207584,23.399999618530273,-162.10000610351562,51001,35.92969,0.17447425,0.077581376,0.19094537,66.02729
2026-09-12 02:00:00,17,26.521769,17.100000381469727,-157.8000030517578,51002,35.84828,0.14456289,0.18373679,0.23378973,38.195435
2026-09-12 02:00:00,18,26.334547,19.200000762939453,-160.60000610351562,51003,35.889935,0.18347256,0.13844168,0.22984403,52.963127
2026-09-12 02:00:00,19,26.381683,17.5,-152.5,51004,35.805874,0.15198657,0.06586973,0.16564643,66.56848
2026-09-12 02:00:00,20,27.466959,0.0,-140.0,51028,35.95459,-0.0631356,0.14514047,0.1582778,336.49112
2026-09-12 02:00:00,21,27.53,-8.0,-95.0,52001,35.59723,-0.050937492,0.25504535,0.26008222,348.70554
2026-09-12 02:00:00,22,27.661945,0.0,-35.0,52002,35.8848,0.07563285,0.22294892,0.23542845,18.73891
2026-09-12 02:00:00,23,27.732447,8.0,67.0,52003,36.639866,0.074936755,0.1542297,0.17147104,25.914076
2026-09-12 02:00:00,24,26.832308,12.0,90.0,52004,36.431374,0.12288584,0.28628826,0.31154758,23.230854
2026-09-12 08:00:00,0,22.832277,34.70000076293945,-72.5999984741211,41001,35.04096,0.23999454,-0.07641562,0.2518665,107.661766
2026-09-12 08:00:00,1,23.837946,32.29999923706055,-75.4000015258789,41002,35.12396,0.31459627,0.06290158,0.32082304,78.69316
2026-09-12 08:00:00,2,23.554747,32.5,-79.0999984741211,41004,35.12961,0.2767784,0.010583766,0.2769807,87.81012
2026-09-12 08:00:00,3,24.526537,28.5,-80.19999694824219,41009,35.324894,0.11249891,-0.005814085,0.112649046,92.95848
2026-09-12 08:00:00,4,24.395668,28.899999618530273,-78.5,41010,35.219036,0.23494431,-0.057787657,0.24194677,103.818344
2026-09-12 08:00:00,5,26.899765,14.5,-53.400001525878906,41040,35.605965,0.14624071,0.11555934,0.18638752,51.684223
2026-09-12 08:00:00,6,25.972511,21.0,-64.80000305175781,41043,35.46059,0.14548914,0.081758596,0.16688786,60.665894
2026-09-12 08:00:00,7,25.919374,21.600000381469727,-65.80000305175781,41044,35.566338,0.19384004,0.06670923,0.20499776,71.009315
2026-09-12 08:00:00,8,25.430126,23.799999237060547,-68.30000305175781,41046,35.394245,0.19569966,0.038124003,0.19937854,78.97635
2026-09-12 08:00:00,9,24.67091,27.5,-71.5,41047,35.381565,0.18855366,0.044659663,0.19377041,76.67483
2026-09-12 08:00:00,10,24.923208,25.899999618530273,-89.69999694824219,42001,35.246197,0.22920667,0.044950742,0.23357283,78.90429
2026-09-12 08:00:00,11,25.17804,26.0,-93.5999984741211,42002,35.28988,0.2638252,-0.0075689666,0.26393375,91.64332
2026-09-12 08:00:00,12,24.994226,26.0,-85.5999984741211,42003,35.169395,0.23940513,0.077004954,0.25148475,72.16954
2026-09-12 08:00:00,13,24.798428,28.5,-84.5,42036,35.20326,0.19241422,0.0022424692,0.19242729,89.332275
2026-09-12 08:00:00,14,24.487347,28.799999237060547,-86.0,42039,35.266773,0.29647174,0.06839107,0.30425784,77.010056
2026-09-12 08:00:00,15,24.437895,29.200000762939453,-88.19999694824219,42040,35.069324,0.22882275,0.06103033,0.23682179,75.066025
2026-09-12 08:00:00,16,25.431599,23.399999618530273,-162.10000610351562,51001,35.718872,0.26853412,0.03767085,0.27116355,82.014465
2026-09-12 08:00:00,17,26.690083,17.100000381469727,-157.8000030517578,51002,35.934895,0.2192831,0.15002324,0.26569164,55.621887
2026-09-12 08:00:00,18,26.384949,19.200000762939453,-160.60000610351562,51003,36.041534,0.11414593,0.122907,0.16773617,42.883408
2026-09-12 08:00:00,19,26.594032,17.5,-152.5,51004,35.889843,0.24527456,0.10940266,0.2685676,65.961136
2026-09-12 08:00:00,20,27.734705,0.0,-140.0,51028,35.835545,0.006133544,0.24934128,0.24941671,1.4091341
2026-09-12 08:00:00,21,27.629784,-8.0,-95.0,52001,35.645252,-0.15668075,0.20539778,0.25833526,322.66302
2026-09-12 08:00:00,22,27.932568,0.0,-35.0,52002,35.66931,0.025151312,0.20218384,0.20374222,7.091065
2026-09-12 08:00:00,23,27.610077,8.0,67.0,52003,36.74082,0.14022759,0.20670143,0.2497784,34.15322
2026-09-12 08:00:00,24,27.16974,12.0,90.0,52004,36.6148,0.13768615,0.20660593,0.24828105,33.68025
2026-09-12 14:00:00,0,22.53857,34.70000076293945,-72.5999984741211,41001,35.10109,0.3236117,-0.038824156,0.32593226,96.841156
2026-09-12 14:00:00,1,22.939623,32.29999923706055,-75.4000015258789,41002,35.14204,0.29726568,-0.050329294,0.30149615,99.609474
2026-09-12 14:00:00,2,22.78553,32.5,-79.0999984741211,41004,35.242344,0.24530482,-0.054274336,0.25123727,102.47585
2026-09-12 14:00:00,3,23.897635,28.5,-80.19999694824219,41009,35.315094,0.25869328,0.025443295,0.25994146,84.38284
2026-09-12 14:00:00,4,24.042131,28.899999618530273,-78.5,41010,35.26105,0.25137642,-0.059762605,0.2583828,103.37331
2026-09-12 14:00:00,5,26.36127,14.5,-53.400001525878906,41040,35.602367,0.21788135,0.112158224,0.24505459,62.762066
2026-09-12 14:00:00,6,25.423452,21.0,-64.80000305175781,41043,35.46658,0.1936822,0.021472618,0.19486883,83.67372
2026-09-12 14:00:00,7,25.317274,21.600000381469727,-65.80000305175781,41044,35.43662,0.34983516,0.07517341,0.35782075,77.87256
2026-09-12 14:00:00,8,24.957994,23.799999237060547,-68.30000305175781,41046,35.415337,0.24820359,-0.02834405,0.24981675,96.51477
2026-09-12 14:00:00,9,24.350403,27.5,-71.5,41047,35.44586,0.19942324,0.0329554,0.2021279,80.61646
2026-09-12 14:00:00,10,24.441828,25.899999618530273,-89.69999694824219,42001,35.267185,0.27781975,0.11957963,0.30246174,66.71191
2026-09-12 14:00:00,11,24.663483,26.0,-93.5999984741211,42002,35.174435,0.2030513,0.065999575,0.21350825,71.99382
2026-09-12 14:00:00,12,24.537258,26.0,-85.5999984741211,42003,35.398987,0.27420008,0.004431773,0.2742359,89.07403
2026-09-12 14:00:00,13,24.073689,28.5,-84.5,42036,35.36742,0.2037417,-0.06668902,0.21437842,108.124374
2026-09-12 14:00:00,14,23.915007,28.799999237060547,-86.0,42039,35.194378,0.18098664,-0.048967887,0.18749405,105.13951
2026-09-12 14:00:00,15,23.904543,29.200000762939453,-88.19999694824219,42040,35.257015,0.289368,0.003599918,0.2893904,89.28724
2026-09-12 14:00:00,16,24.838049,23.399999618530273,-162.10000610351562,51001,35.86132,0.20174782,-0.036169536,0.20496443,100.164055
2026-09-12 14:00:00,17,26.098154,17.100000381469727,-157.8000030517578,51002,35.86763,0.23553412,0.18051058,0.2967497,52.533863
2026-09-12 14:00:00,18,25.863176,19.200000762939453,-160.60000610351562,51003,35.81003,0.10164549,0.091689155,0.1368894,47.948006
2026-09-12 14:00:00,19,25.792377,17.5,-152.5,51004,35.886894,0.22764194,0.12863837,0.26147404,60.529606
2026-09-12 14:00:00,20,27.321688,0.0,-140.0,51028,35.869625,-0.04172133,0.14275384,0.14872569,343.70844
2026-09-12 14:00:00,21,26.810995,-8.0,-95.0,52001,35.69153,-0.09582739,0.1825976,0.20621535,332.30948
2026-09-12 14:00:00,22,27.535189,0.0,-35.0,52002,35.9039,0.055709783,0.23565076,0.24214637,13.30099
2026-09-12 14:00:00,23,27.128141,8.0,67.0,52003,36.695305,0.056187592,0.06884664,0.088864535,39.218803
2026-09-12 14:00:00,24,26.710062,12.0,90.0,52004,36.57643,0.08225867,0.16375072,0.18325062,26.672245
2026-09-12 20:00:00,0,22.532366,34.70000076293945,-72.5999984741211,41001,35.113075,0.1476825,-0.0020173192,0.14769629,90.7826
2026-09-12 20:00:00,1,22.770565,32.29999923706055,-75.4000015258789,41002,35.053993,0.20479514,0.01051316,0.2050648,87.061295
2026-09-12 20:00:00,2,22.91845,32.5,-79.0999984741211,41004,35.17571,0.25641543,-0.057340953,0.26274866,102.605385
2026-09-12 20:00:00,3,23.668343,28.5,-80.19999694824219,41009,35.169724,0.22443967,-0.014798598,0.22492701,93.77237
2026-09-12 20:00:00,4,23.639444,28.899999618530273,-78.5,41010,35.045338,0.20517421,-0.10024364,0.22835332,116.039116
2026-09-12 20:00:00,5,26.362331,14.5,-53.400001525878906,41040,35.69422,0.122847475,0.1542645,0.19720303,38.53182
2026-09-12 20:00:00,6,25.194426,21.0,-64.80000305175781,41043,35.414993,0.20860028,0.0805207,0.22360156,68.89317
2026-09-12 20:00:00,7,25.124733,21.600000381469727,-65.80000305175781,41044,35.452713,0.32054532,0.081929654,0.33085006,75.66246
2026-09-12 20:00:00,8,24.900665,23.799999237060547,-68.30000305175781,41046,35.310387,0.29428563,0.07134826,0.30281118,76.37184
2026-09-12 20:00:00,9,24.282942,27.5,-71.5,41047,35.23868,0.21881536,0.04457663,0.22330974,78.48538
2026-09-12 20:00:00,10,24.359232,25.899999618530273,-89.69999694824219,42001,35.421673,0.23971358,0.044495307,0.24380818,79.48451
2026-09-12 20:00:00,11,24.139997,26.0,-93.5999984741211,42002,35.19276,0.17186794,0.06608754,0.18413623,68.96699
2026-09-12 20:00:00,12,24.088608,26.0,-85.5999984741211,42003,35.333923,0.1860159,0.007996,0.18618768,87.53861
2026-09-12 20:00:00,13,23.878,28.5,-84.5,42036,35.197292,0.320469,-0.043910146,0.32346326,97.80199
2026-09-12 20:00:00,14,23.816368,28.799999237060547,-86.0,42039,35.16798,0.17973864,-0.07514183,0.19481343,112.687935
2026-09-12 20:00:00,15,23.57131,29.200000762939453,-88.19999694824219,42040,35.191895,0.2280898,0.057059474,0.23511857,75.955
2026-09-12 20:00:00,16,24.972773,23.399999618530273,-162.10000610351562,51001,35.560963,0.16263603,0.16740185,0.23339635,44.17269
2026-09-12 20:00:00,17,25.913181,17.100000381469727,-157.8000030517578,51002,35.77076,0.20600027,0.12635867,0.24166636,58.475426
2026-09-12 20:00:00,18,25.599812,19.200000762939453,-160.60000610351562,51003,35.790142,0.17698163,0.10737152,0.20700517,58.755573
2026-09-12 20:00:00,19,25.871984,17.5,-152.5,51004,35.72005,0.20334488,0.073160395,0.21610549,70.212036
2026-09-12 20:00:00,20,27.0409,0.0,-140.0,51028,35.868126,0.08732591,0.17140341,0.19236667,26.997746
2026-09-12 20:00:00,21,26.949587,-8.0,-95.0,52001,35.59149,-0.12164985,0.19922757,0.23343161,328.59146
2026-09-12 20:00:00,22,27.169313,0.0,-35.0,52002,35.78105,-0.026887981,0.25528425,0.25669634,353.98746
2026-09-12 20:00:00,23,26.865349,8.0,67.0,52003,36.668884,0.14392553,0.28103855,0.31574866,27.117903
2026-09-12 20:00:00,24,26.661825,12.0,90.0,52004,36.614445,0.027447797,0.18566753,0.18768542,8.409302
2026-09-13 02:00:00,0,22.833475,34.70000076293945,-72.5999984741211,41001,34.989227,0.31281334,-0.018856427,0.31338117,93.449615
2026-09-13 02:00:00,1,23.42327,32.29999923706055,-75.4000015258789,41002,34.99939,0.30877197,-0.01176125,0.30899587,92.18136
2026-09-13 02:00:00,2,23.498493,32.5,-79.0999984741211,41004,35.154324,0.32881308,0.08489977,0.33959684,75.522385
2026-09-13 02:00:00,3,24.315538,28.5,-80.19999694824219,41009,35.24374,0.24056002,-0.027940225,0.24217717,96.62502
2026-09-13 02:00:00,4,24.086782,28.899999618530273,-78.5,41010,35.201466,0.3513204,0.025216185,0.35222417,85.8946
2026-09-13 02:00:00,5,26.49589,14.5,-53.400001525878906,41040,35.611343,0.23067524,0.19731757,0.30355442,49.456608
2026-09-13 02:00:00,6,25.623325,21.0,-64.80000305175781,41043,35.499348,0.25134563,0.07671679,0.2627929,73.026535
2026-09-13 02:00:00,7,25.965021,21.600000381469727,-65.80000305175781,41044,35.46441,0.12974052,0.14851102,0.19720073,41.140743
2026-09-13 02:00:00,8,25.246988,23.799999237060547,-68.30000305175781,41046,35.461514,0.1642904,-0.012494467,0.16476482,94.34903
2026-09-13 02:00:00,9,24.42431,27.5,-71.5,41047,35.42434,0.2839185,-0.006572226,0.28399456,91.32606
2026-09-13 02:00:00,10,24.8873,25.899999618530273,-89.69999694824219,42001,35.38069,0.28130338,0.05054929,0.28580907,79.81285
2026-09-13 02:00:00,11,24.852407,26.0,-93.5999984741211,42002,35.30185,0.23270707,0.027166808,0.23428746,83.34128
2026-09-13 02:00:00,12,25.04545,26.0,-85.5999984741211,42003,35.303032,0.22397302,-0.019994661,0.22486374,95.10142
2026-09-13 02:00:00,13,24.447502,28.5,-84.5,42036,35.23592,0.24779952,0.06429181,0.25600398,75.45525
2026-09-13 02:00:00,14,24.266644,28.799999237060547,-86.0,42039,35.078022,0.24076508,0.0024712188,0.24077776,89.411934
2026-09-13 02:00:00,15,24.16293,29.200000762939453,-88.19999694824219,42040,35.186676,0.19128187,-0.059445225,0.200306,107.263824
2026-09-13 02:00:00,16,25.32651,23.399999618530273,-162.10000610351562,51001,35.71115,0.19885617,0.06406287,0.20892063,72.143295
2026-09-13 02:00:00,17,26.271467,17.100000381469727,-157.8000030517578,51002,35.770947,0.051992655,0.11022986,0.1218764,25.252073
2026-09-13 02:00:00,18,26.221529,19.200000762939453,-160.60000610351562,51003,35.945194,0.29752046,0.13145564,0.3252676,66.16237
2026-09-13 02:00:00,19,26.426243,17.5,-152.5,51004,35.821335,0.26805303,0.19767886,0.3330606,53.59264
2026-09-13 02:00:00,20,27.639053,0.0,-140.0,51028,35.86434,-0.011768206,0.19937506,0.19972208,356.622
2026-09-13 02:00:00,21,27.774988,-8.0,-95.0,52001,35.722843,-0.011531398,0.29623774,0.2964621,357.7708
2026-09-13 02:00:00,22,27.896812,0.0,-35.0,52002,36.019215,-0.04023852,0.21948326,0.2231413,349.61118
2026-09-13 02:00:00,23,27.741407,8.0,67.0,52003,36.660538,0.07811973,0.26498488,0.27626017,16.425951
2026-09-13 02:00:00,24,27.241798,12.0,90.0,52004,36.68355,0.20640361,0.1793775,0.27345702,49.00734
2026-09-13 08:00:00,0,22.724014,34.70000076293945,-72.5999984741211,41001,35.191887,0.30440205,-0.0014306307,0.30440542,90.26927
2026-09-13 08:00:00,1,23.701546,32.29999923706055,-75.4000015258789,41002,35.151115,0.26497227,-0.0010045804,0.26497415,90.21722
2026-09-13 08:00:00,2,23.310547,32.5,-79.0999984741211,41004,35.000214,0.34481344,-0.024321679,0.34567016,94.03471
2026-09-13 08:00:00,3,24.61948,28.5,-80.19999694824219,41009,35.299206,0.2875204,0.028234363,0.2889034,84.391556
2026-09-13 08:00:00,4,24.815348,28.899999618530273,-78.5,41010,35.314495,0.19933051,0.0016755313,0.19933756,89.51839
2026-09-13 08:00:00,5,27.034363,14.5,-53.400001525878906,41040,35.714214,0.08591935,0.113887295,0.14266202,37.03179
2026-09-13 08:00:00,6,26.091,21.0,-64.80000305175781,41043,35.47236,0.16488974,0.09190715,0.18877381,60.865337
2026-09-13 08:00:00,7,25.91283,21.600000381469727,-65.80000305175781,41044,35.556934,0.26626635,0.06774306,0.27474877,75.72574
2026-09-13 08:00:00,8,25.84117,23.799999237060547,-68.30000305175781,41046,35.374214,0.2472375,0.060169242,0.25445378,76.32204
2026-09-13 08:00:00,9,24.528887,27.5,-71.5,41047,35.277584,0.23327547,0.09875237,0.25331697,67.055626
2026-09-13 08:00:00,10,24.909092,25.899999618530273,-89.69999694824219,42001,35.309895,0.24801128,0.06523723,0.25644782,75.26268
2026-09-13 08:00:00,11,25.30054,26.0,-93.5999984741211,42002,35.332813,0.2326776,0.06959159,0.24286179,73.34859
2026-09-13 08:00:00,12,25.032103,26.0,-85.5999984741211,42003,35.25808,0.25021103,0.029595466,0.25195524,83.25428
2026-09-13 08:00:00,13,24.424938,28.5,-84.5,42036,35.33835,0.15415339,-0.027194966,0.15653381,100.00488
2026-09-13 08:00:00,14,24.369287,28.799999237060547,-86.0,42039,35.22803,0.26275986,0.01669617,0.26328978,86.36422
2026-09-13 08:00:00,15,24.352098,29.200000762939453,-88.19999694824219,42040,35.141205,0.3071853,-0.005157343,0.3072286,90.961845
2026-09-13 08:00:00,16,25.68825,23.399999618530273,-162.10000610351562,51001,35.690987,0.25959602,0.056440588,0.26566073,77.73382
2026-09-13 08:00:00,17,26.614166,17.100000381469727,-157.8000030517578,51002,35.76495,0.0758191,0.11755895,0.13988796,32.8198
2026-09-13 08:00:00,18,26.422955,19.200000762939453,-160.60000610351562,51003,35.821472,0.25148037,0.05641089,0.25772962,77.35696
2026-09-13 08:00:00,19,26.321806,17.5,-152.5,51004,35.683308,0.12042987,0.17884703,0.2156145,33.955063
2026-09-13 08:00:00,20,27.976057,0.0,-140.0,51028,35.85842,-0.07743426,0.22978286,0.24247934,341.37677
2026-09-13 08:00:00,21,27.606602,-8.0,-95.0,52001,35.60416,0.050934598,0.25832722,0.26330075,11.153983
2026-09-13 08:00:00,22,27.962938,0.0,-35.0,52002,35.918785,0.020002536,0.22928986,0.23016068,4.985684
2026-09-13 08:00:00,23,27.658606,8.0,67.0,52003,36.615128,0.11416948,0.11484697,0.16193978,44.830505
2026-09-13 08:00:00,24,27.39649,12.0,90.0,52004,36.482185,0.08246377,0.14185163,0.16407974,30.171072
2026-09-13 14:00:00,0,22.295702,34.70000076293945,-72.5999984741211,41001,35.024235,0.29736122,-0.17245157,0.3437488,120.11114
2026-09-13 14:00:00,1,23.021955,32.29999923706055,-75.4000015258789,41002,35.135025,0.21970415,0.034284968,0.22236316,81.130486
2026-09-13 14:00:00,2,22.952127,32.5,-79.0999984741211,41004,35.122925,0.24180168,0.002642125,0.24181612,89.373955
2026-09-13 14:00:00,3,23.983236,28.5,-80.19999694824219,41009,35.235905,0.20285022,0.018121812,0.20365807,84.89498
2026-09-13 14:00:00,4,23.814348,28.899999618530273,-78.5,41010,35.297607,0.31017163,-0.029524975,0.31157368,95.437546
2026-09-13 14:00:00,5,26.549978,14.5,-53.400001525878906,41040,35.63015,0.1924927,0.23660007,0.30501315,39.131054
2026-09-13 14:00:00,6,25.416637,21.0,-64.80000305175781,41043,35.455494,0.2791248,0.0488092,0.28336018,80.081245
2026-09-13 14:00:00,7,25.619862,21.600000381469727,-65.80000305175781,41044,35.45642,0.15859248,0.020133585,0.15986536,82.7649
2026-09-13 14:00:00,8,25.058031,23.799999237060547,-68.30000305175781,41046,35.40102,0.21751419,0.06550886,0.22716476,73.23925
2026-09-13 14:00:00,9,24.255405,27.5,-71.5,41047,35.21989,0.24678695,0.10052708,0.26647606,67.836784
2026-09-13 14:00:00,10,24.60527,25.899999618530273,-89.69999694824219,42001,35.2109,0.13462272,-0.009302501,0.13494375,93.95288
2026-09-13 14:00:00,11,24.357737,26.0,-93.5999984741211,42002,35.257607,0.25655717,0.037574045,0.25929403,81.667984
2026-09-13 14:00:00,12,24.757868,26.0,-85.5999984741211,42003,35.284786,0.15936375,-0.013404585,0.1599265,94.80801
2026-09-13 14:00:00,13,24.040194,28.5,-84.5,42036,35.152584,0.23882818,0.07895127,0.25153965,71.70726
2026-09-13 14:00:00,14,23.627127,28.799999237060547,-86.0,42039,35.313538,0.30367658,0.04016391,0.30632108,82.46585
2026-09-13 14:00:00,15,24.02115,29.200000762939453,-88.19999694824219,42040,35.28652,0.3447944,0.041224316,0.34725007,83.18196
2026-09-13 14:00:00,16,25.042362,23.399999618530273,-162.10000610351562,51001,35.834007,0.28165603,0.12408997,0.30777985,66.22301
2026-09-13 14:00:00,17,26.13942,17.100000381469727,-157.8000030517578,51002,35.706524,0.0887522,0.11762887,0.14735503,37.03493
2026-09-13 14:00:00,18,25.652773,19.200000762939453,-160.60000610351562,51003,35.812794,0.21613938,0.21383432,0.30404168,45.30715
2026-09-13 14:00:00,19,26.263851,17.5,-152.5,51004,35.733738,0.13991001,0.0982738,0.1709753,54.915516
2026-09-13 14:00:00,20,27.145859,0.0,-140.0,51028,35.979763,-0.035924364,0.22204468,0.22493199,350.8098
2026-09-13 14:00:00,21,27.222258,-8.0,-95.0,52001,35.660263,-0.09882401,0.20279862,0.2255958,334.01996
2026-09-13 14:00:00,22,27.451939,0.0,-35.0,52002,35.907444,0.028861307,0.20605205,0.2080635,7.9734335
2026-09-13 14:00:00,23,26.966076,8.0,67.0,52003,36.617706,0.062188067,0.16095284,0.17254904,21.125257
2026-09-13 14:00:00,24,26.701513,12.0,90.0,52004,36.600906,0.110639825,0.14532705,0.18265027,37.282604
2026-09-13 20:00:00,0,22.33691,34.70000076293945,-72.5999984741211,41001,35.02201,0.3407964,0.028599355,0.34199432,85.20302
2026-09-13 20:00:00,1,22.714334,32.29999923706055,-75.4000015258789,41002,35.138134,0.34364775,-0.038000904,0.34574246,96.31018
2026-09-13 20:00:00,2,22.98302,32.5,-79.0999984741211,41004,35.264427,0.28782004,-0.073107734,0.2969598,104.25201
2026-09-13 20:00:00,3,23.884834,28.5,-80.19999694824219,41009,35.245636,0.19031,0.044327676,0.19540429,76.888245
2026-09-13 20:00:00,4,23.68164,28.899999618530273,-78.5,41010,35.246426,0.25174987,0.05099169,0.25686213,78.5497
2026-09-13 20:00:00,5,26.149883,14.5,-53.400001525878906,41040,35.734146,0.064614445,0.09424341,0.11426656,34.435017
2026-09-13 20:00:00,6,25.204758,21.0,-64.80000305175781,41043,35.392395,0.16562852,0.1260907,0.20816262,52.71848
2026-09-13 20:00:00,7,25.50993,21.600000381469727,-65.80000305175781,41044,35.571804,0.3015006,-0.0060563907,0.30156142,91.150764
2026-09-13 20:00:00,8,24.706245,23.799999237060547,-68.30000305175781,41046,35.450848,0.21472386,0.07875674,0.22871152,69.857895
2026-09-13 20:00:00,9,24.040998,27.5,-71.5,41047,35.161694,0.26766032,0.051942986,0.27265385,79.01751
2026-09-13 20:00:00,10,24.360897,25.899999618530273,-89.69999694824219,42001,35.39867,0.25161254,0.14079797,0.28832784,60.769386
2026-09-13 20:00:00,11,24.39956,26.0,-93.5999984741211,42002,35.215637,0.28371504,0.066184975,0.29133257,76.86888
2026-09-13 20:00:00,12,24.531937,26.0,-85.5999984741211,42003,35.30839,0.25922617,0.005772762,0.25929046,88.72427
2026-09-13 20:00:00,13,23.84335,28.5,-84.5,42036,35.407055,0.1919936,0.0373822,0.19559899,78.98204
2026-09-13 20:00:00,14,23.729687,28.799999237060547,-86.0,42039,35.13468,0.31696403,-0.044740513,0.3201061,98.0344
2026-09-13 20:00:00,15,23.76534,29.200000762939453,-88.19999694824219,42040,35.206524,0.2133702,0.08354005,0.2291414,68.61835
2026-09-13 20:00:00,16,24.744818,23.399999618530273,-162.10000610351562,51001,35.722412,0.17968434,0.16595271,0.2445951,47.275074
2026-09-13 20:00:00,17,25.886145,17.100000381469727,-157.8000030517578,51002,35.703083,0.12768942,0.1748003,0.21647109,36.147655
2026-09-13 20:00:00,18,25.75917,19.200000762939453,-160.60000610351562,51003,35.748905,0.22433904,0.018509604,0.22510134,85.28336
2026-09-13 20:00:00,19,25.912794,17.5,-152.5,51004,35.913734,0.12885709,0.1696422,0.21303198,37.219635
2026-09-13 20:00:00,20,26.932772,0.0,-140.0,51028,35.907894,-0.08146991,0.14218071,0.16386794,330.1872
2026-09-13 20:00:00,21,26.889704,-8.0,-95.0,52001,35.752026,-0.12142104,0.30438727,0.32771128,338.25278
2026-09-13 20:00:00,22,27.220491,0.0,-35.0,52002,35.973408,-0.008127238,0.20598343,0.2061437,357.7405
2026-09-13 20:00:00,23,26.66045,8.0,67.0,52003,36.627575,0.09291644,0.21498623,0.2342062,23.373863
2026-09-13 20:00:00,24,26.540157,12.0,90.0,52004,36.50165,0.1332045,0.15785478,0.20654677,40.159077
2026-09-14 02:00:00,0,23.061195,34.70000076293945,-72.5999984741211,41001,35.009876,0.32830796,-0.056663077,0.33316183,99.792274
2026-09-14 02:00:00,1,23.320797,32.29999923706055,-75.4000015258789,41002,35.212765,0.2270715,-0.053785555,0.23335455,103.325836
2026-09-14 02:00:00,2,23.549688,32.5,-79.0999984741211,41004,35.077515,0.2540874,0.06069612,0.26123634,76.56501
2026-09-14 02:00:00,3,24.176264,28.5,-80.19999694824219,41009,35.29872,0.25272837,0.029309662,0.25442228,83.38478
2026-09-14 02:00:00,4,24.35944,28.899999618530273,-78.5,41010,35.205467,0.31862375,-0.019173756,0.31920013,93.44372
2026-09-14 02:00:00,5,26.864756,14.5,-53.400001525878906,41040,35.552216,0.1630622,0.07444614,0.17925264,65.4609
2026-09-14 02:00:00,6,25.982006,21.0,-64.80000305175781,41043,35.596874,0.221097,0.041441247,0.22494724,79.38396
2026-09-14 02:00:00,7,25.90586,21.600000381469727,-65.80000305175781,41044,35.467587,0.16283166,0.12599951,0.20588838,52.267212
2026-09-14 02:00:00,8,25.398796,23.799999237060547,-68.30000305175781,41046,35.495613,0.21467386,0.09829511,0.23610759,65.39785
2026-09-14 02:00:00,9,24.618526,27.5,-71.5,41047,35.247314,0.19705102,0.08572141,0.21488896,66.48993
2026-09-14 02:00:00,10,24.783173,25.899999618530273,-89.69999694824219,42001,35.422134,0.2262027,-0.0019507222,0.2262111,90.49409
2026-09-14 02:00:00,11,24.777409,26.0,-93.5999984741211,42002,35.309513,0.24174199,-0.012962416,0.24208927,93.069305
2026-09-14 02:00:00,12,25.042265,26.0,-85.5999984741211,42003,35.29651,0.2539354,0.07450485,0.26463968,73.64827
2026-09-14 02:00:00,13,24.486332,28.5,-84.5,42036,35.24584,0.28680298,0.047907848,0.29077673,80.51681
2026-09-14 02:00:00,14,24.372103,28.799999237060547,-86.0,42039,35.124435,0.240145,0.058276247,0.24711484,76.35965
2026-09-14 02:00:00,15,24.312616,29.200000762939453,-88.19999694824219,42040,35.174576,0.25116804,-0.1097281,0.27409056,113.59913
2026-09-14 02:00:00,16,25.321402,23.399999618530273,-162.10000610351562,51001,35.74081,0.25812742,-0.026767366,0.2595116,95.92031
2026-09-14 02:00:00,17,26.86211,17.100000381469727,-157.8000030517578,51002,35.85025,0.28125256,0.079882964,0.29237697,74.14408
2026-09-14 02:00:00,18,26.069422,19.200000762939453,-160.60000610351562,51003,35.808064,0.12541798,0.06875453,0.14302745,61.268303
2026-09-14 02:00:00,19,26.309109,17.5,-152.5,51004,35.853287,0.11200374,0.0953208,0.14707445,49.600548
2026-09-14 02:00:00,20,27.707623,0.0,-140.0,51028,35.871307,0.056563288,0.23324133,0.24000193,13.631619
2026-09-14 02:00:00,21,27.428879,-8.0,-95.0,52001,35.777855,-0.04343421,0.17277019,0.1781462,345.88837
2026-09-14 02:00:00,22,27.449787,0.0,-35.0,52002,35.796337,0.0070576305,0.2161701,0.21628529,1.8699571
2026-09-14 02:00:00,23,27.48033,8.0,67.0,52003,36.67254,0.148178,0.18097721,0.23390056,39.309452
2026-09-14 02:00:00,24,27.070648,12.0,90.0,52004,36.616913,0.09492274,0.1320381,0.1626173,35.712513
2026-09-14 08:00:00,0,22.92867,34.70000076293945,-72.5999984741211,41001,35.11098,0.24408965,0.06954366,0.25380322,74.09719
2026-09-14 08:00:00,1,23.432756,32.29999923706055,-75.4000015258789,41002,35.150803,0.34364974,0.0723793,0.3511893,78.10623
2026-09-14 08:00:00,2,23.710093,32.5,-79.0999984741211,41004,35.11613,0.33157292,-0.14890581,0.36347428,114.18433
2026-09-14 08:00:00,3,24.59878,28.5,-80.19999694824219,41009,35.180668,0.31741345,0.086054035,0.3288717,74.83115
2026-09-14 08:00:00,4,24.457752,28.899999618530273,-78.5,41010,35.106182,0.29700276,0.06430747,0.303885,77.78282
2026-09-14 08:00:00,5,27.015337,14.5,-53.400001525878906,41040,35.62971,0.19465128,0.20866261,0.28535804,43.010315
2026-09-14 08:00:00,6,26.012402,21.0,-64.80000305175781,41043,35.585213,0.21768098,0.09649856,0.23811127,66.092155
2026-09-14 08:00:00,7,25.84888,21.600000381469727,-65.80000305175781,41044,35.477875,0.30383638,0.04012082,0.30647385,82.47775
2026-09-14 08:00:00,8,25.501986,23.799999237060547,-68.30000305175781,41046,35.361176,0.23963633,-0.034441642,0.24209873,98.1788
2026-09-14 08:00:00,9,24.67366,27.5,-71.5,41047,35.198463,0.24691543,-0.009319266,0.24709123,92.16147
2026-09-14 08:00:00,10,25.004646,25.899999618530273,-89.69999694824219,42001,35.19445,0.20284213,0.052463956,0.20951706,75.498566
2026-09-14 08:00:00,11,25.149172,26.0,-93.5999984741211,42002,35.4164,0.29763982,0.04376559,0.3008403,81.63505
2026-09-14 08:00:00,12,25.524593,26.0,-85.5999984741211,42003,35.35694,0.24822854,0.07692228,0.2598739,72.78258
2026-09-14 08:00:00,13,24.481504,28.5,-84.5,42036,35.28685,0.3103715,0.054073736,0.3150467,80.116974
2026-09-14 08:00:00,14,24.178154,28.799999237060547,-86.0,42039,35.29617,0.21685821,-0.010002458,0.21708877,92.640854
2026-09-14 08:00:00,15,24.217896,29.200000762939453,-88.19999694824219,42040,35.249317,0.26434487,0.006028803,0.2644136,88.6935
2026-09-14 08:00:00,16,25.656746,23.399999618530273,-162.10000610351562,51001,35.673428,0.18745567,0.01838272,0.18835486,84.39923
2026-09-14 08:00:00,17,26.51192,17.100000381469727,-157.8000030517578,51002,35.702152,0.12044604,0.11656284,0.16761309,45.93866
2026-09-14 08:00:00,18,26.389818,19.200000762939453,-160.60000610351562,51003,35.795883,0.22060981,0.120423585,0.25133747,61.371338
2026-09-14 08:00:00,19,26.835917,17.5,-152.5,51004,35.879807,0.24721572,0.06592024,0.25585365,75.06943
2026-09-14 08:00:00,20,27.990726,0.0,-140.0,51028,35.811447,-0.060201313,0.22381164,0.23176679,344.9448
2026-09-14 08:00:00,21,27.654306,-8.0,-95.0,52001,35.651455,-0.20634001,0.07287844,0.21883205,289.453
2026-09-14 08:00:00,22,27.879892,0.0,-35.0,52002,35.99373,-0.038678754,0.23354243,0.2367237,350.59616
2026-09-14 08:00:00,23,27.595253,8.0,67.0,52003,36.56093,0.08504906,0.20314947,0.22023408,22.716751
2026-09-14 08:00:00,24,27.123558,12.0,90.0,52004,36.620228,0.10274728,0.23051506,0.2523771,24.023924
2026-09-14 14:00:00,0,22.532944,34.70000076293945,-72.5999984741211,41001,35.159874,0.25711235,-0.045861833,0.26117057,100.11363
2026-09-14 14:00:00,1,23.040077,32.29999923706055,-75.4000015258789,41002,35.19158,0.35821354,0.05290819,0.36209974,81.598145
2026-09-14 14:00:00,2,23.331833,32.5,-79.0999984741211,41004,35.21562,0.28738976,-0.029257596,0.2888752,95.81294
2026-09-14 14:00:00,3,23.76634,28.5,-80.19999694824219,41009,35.25995,0.13568416,-0.021560866,0.13738655,99.029076
2026-09-14 14:00:00,4,23.780838,28.899999618530273,-78.5,41010,35.175606,0.18856385,-0.10694617,0.21678056,119.56023
2026-09-14 14:00:00,5,26.760775,14.5,-53.400001525878906,41040,35.701534,0.09059191,0.27922574,0.29355392,17.975119
2026-09-14 14:00:00,6,25.630693,21.0,-64.80000305175781,41043,35.67514,0.2842425,-5.70938e-05,0.2842425,90.011505
2026-09-14 14:00:00,7,25.305258,21.600000381469727,-65.80000305175781,41044,35.55602,0.16187978,0.09695578,0.18869416,59.081043
2026-09-14 14:00:00,8,24.67408,23.799999237060547,-68.30000305175781,41046,35.375183,0.17650294,0.055732165,0.18509285,72.47608
2026-09-14 14:00:00,9,24.142105,27.5,-71.5,41047,35.2632,0.2644685,0.04794036,0.26877847,79.725525
2026-09-14 14:00:00,10,24.684605,25.899999618530273,-89.69999694824219,42001,35.388103,0.27271312,-0.023751132,0.27374542,94.97744
2026-09-14 14:00:00,11,24.678677,26.0,-93.5999984741211,42002,35.37653,0.30096656,0.0077939034,0.30106747,88.51659
2026-09-14 14:00:00,12,24.6199,26.0,-85.5999984741211,42003,35.448368,0.19175455,0.06404253,0.20216641,71.53162
2026-09-14 14:00:00,13,23.975723,28.5,-84.5,42036,35.18491,0.17069782,-0.0786074,0.18792783,114.72636
2026-09-14 14:00:00,14,23.88474,28.799999237060547,-86.0,42039,35.157127,0.27221382,0.013720658,0.27255937,87.1145
2026-09-14 14:00:00,15,23.835693,29.200000762939453,-88.19999694824219,42040,35.209244,0.17748064,0.009731415,0.17774723,86.86156
2026-09-14 14:00:00,16,24.961466,23.399999618530273,-162.10000610351562,51001,35.77176,0.19979702,0.1465623,0.24778894,53.737865
2026-09-14 14:00:00,17,25.957146,17.100000381469727,-157.8000030517578,51002,35.81919,0.16513516,0.13839225,0.21545774,50.035156
2026-09-14 14:00:00,18,25.869883,19.200000762939453,-160.60000610351562,51003,35.78475,0.22021614,0.10395562,0.24351986,64.7298
2026-09-14 14:00:00,19,26.014425,17.5,-152.5,51004,35.863365,0.14215398,0.16776712,0.21989442,40.275578
2026-09-14 14:00:00,20,27.380363,0.0,-140.0,51028,35.876957,0.07453827,0.18181333,0.19649947,22.292225
2026-09-14 14:00:00,21,27.09748,-8.0,-95.0,52001,35.71773,-0.07001399,0.06643496,0.09651716,313.4975
2026-09-14 14:00:00,22,27.586218,0.0,-35.0,52002,35.976,-0.00018854805,0.13042983,0.13042997,359.91718
2026-09-14 14:00:00,23,27.087646,8.0,67.0,52003,36.5415,0.04807629,0.2794964,0.28360105,9.75996
2026-09-14 14:00:00,24,26.796047,12.0,90.0,52004,36.55486,0.071036555,0.19090399,0.20369223,20.410543
2026-09-14 20:00:00,0,22.136786,34.70000076293945,-72.5999984741211,41001,35.195858,0.24216023,-0.05107022,0.24748686,101.908844
2026-09-14 20:00:00,1,23.011532,32.29999923706055,-75.4000015258789,41002,35.151688,0.29926053,-0.059405275,0.30509976,101.227646
2026-09-14 20:00:00,2,22.783192,32.5,-79.0999984741211,41004,35.21084,0.3345356,-0.05351688,0.3387892,99.0888
2026-09-14 20:00:00,3,23.896639,28.5,-80.19999694824219,41009,35.207508,0.21475628,-0.03740137,0.2179888,99.87938
2026-09-14 20:00:00,4,23.56062,28.899999618530273,-78.5,41010,35.18204,0.258277,-0.050939605,0.26325244,101.157166
2026-09-14 20:00:00,5,26.241034,14.5,-53.400001525878906,41040,35.68298,0.16173126,0.103149936,0.19182521,57.470833
2026-09-14 20:00:00,6,25.684095,21.0,-64.80000305175781,41043,35.499947,0.18226382,0.10148282,0.20861176,60.89134
2026-09-14 20:00:00,7,25.359062,21.600000381469727,-65.80000305175781,41044,35.486263,0.13864583,0.1150921,0.18019116,50.303394
2026-09-14 20:00:00,8,24.96564,23.799999237060547,-68.30000305175781,41046,35.33633,0.18275873,0.06052546,0.19252035,71.67632
2026-09-14 20:00:00,9,23.876284,27.5,-71.5,41047,35.19809,0.25630367,-0.025215445,0.25754103,95.61874
2026-09-14 20:00:00,10,24.235693,25.899999618530273,-89.69999694824219,42001,35.329403,0.23909329,0.05927376,0.24633104,76.07648
2026-09-14 20:00:00,11,24.478264,26.0,-93.5999984741211,42002,35.37421,0.22381826,0.044659298,0.22823028,78.71575
2026-09-14 20:00:00,12,24.25057,26.0,-85.5999984741211,42003,35.36882,0.3034989,0.115197256,0.3246259,69.215034
2026-09-14 20:00:00,13,23.810234,28.5,-84.5,42036,35.312706,0.23801084,0.06838508,0.24764022,73.96962
2026-09-14 20:00:00,14,23.614952,28.799999237060547,-86.0,42039,35.26822,0.22803438,0.0017343527,0.22804096,89.56423
2026-09-14 20:00:00,15,23.661903,29.200000762939453,-88.19999694824219,42040,35.234905,0.29665753,-0.026610581,0.29784864,95.125786
2026-09-14 20:00:00,16,24.940332,23.399999618530273,-162.10000610351562,51001,35.78901,0.20706964,0.025171433,0.20859395,83.069115
2026-09-14 20:00:00,17,25.885948,17.100000381469727,-157.8000030517578,51002,35.898273,0.17756549,0.084166884,0.19650334,64.638824
2026-09-14 20:00:00,18,25.46043,19.200000762939453,-160.60000610351562,51003,35.859703,0.15284881,0.0957097,0.18034165,57.94634
2026-09-14 20:00:00,19,25.875292,17.5,-152.5,51004,35.792015,0.17743997,0.06466804,0.18885683,69.975716
2026-09-14 20:00:00,20,27.134247,0.0,-140.0,51028,35.928013,0.0029811256,0.1451709,0.1452015,1.1764196
2026-09-14 20:00:00,21,26.906721,-8.0,-95.0,52001,35.7319,-0.1495834,0.24139993,0.28398788,328.21558
2026-09-14 20:00:00,22,27.212084,0.0,-35.0,52002,35.86788,-0.010467764,0.1536471,0.15400326,356.10254
2026-09-14 20:00:00,23,26.930746,8.0,67.0,52003,36.507256,0.1649733,0.17660816,0.24167465,43.049156
2026-09-14 20:00:00,24,26.519787,12.0,90.0,52004,36.656033,0.12961043,0.07820325,0.15137574,58.89441
2026-09-15 02:00:00,0,22.642645,34.70000076293945,-72.5999984741211,41001,34.935062,0.3353248,-0.067719914,0.3420946,101.41749
2026-09-15 02:00:00,1,23.331663,32.29999923706055,-75.4000015258789,41002,35.24793,0.3673895,-0.053585276,0.37127674,98.29831
2026-09-15 02:00:00,2,23.296167,32.5,-79.0999984741211,41004,35.154186,0.33518177,-0.006565081,0.33524606,91.12208
2026-09-15 02:00:00,3,24.609009,28.5,-80.19999694824219,41009,35.299107,0.26128742,0.056222495,0.26726782,77.85654
2026-09-15 02:00:00,4,24.467497,28.899999618530273,-78.5,41010,35.14199,0.1577218,-0.06438136,0.17035587,112.20506
2026-09-15 02:00:00,5,26.658407,14.5,-53.400001525878906,41040,35.63082,0.12705058,0.19390053,0.2318173,33.234253
2026-09-15 02:00:00,6,25.791359,21.0,-64.80000305175781,41043,35.442368,0.29608405,0.17040032,0.34161678,60.078995
2026-09-15 02:00:00,7,25.873016,21.600000381469727,-65.80000305175781,41044,35.500237,0.17612444,0.105398744,0.2052528,59.102287
2026-09-15 02:00:00,8,25.204021,23.799999237060547,-68.30000305175781,41046,35.452515,0.26354766,0.037289627,0.26617265,81.94662
2026-09-15 02:00:00,9,24.384262,27.5,-71.5,41047,35.311565,0.25156182,0.13219073,0.28417906,62.278965
2026-09-15 02:00:00,10,24.77322,25.899999618530273,-89.69999694824219,42001,35.235207,0.24251501,0.03281958,0.24472567,82.29298
2026-09-15 02:00:00,11,25.02127,26.0,-93.5999984741211,42002,35.234966,0.22388116,0.044619467,0.22828418,78.728645
2026-09-15 02:00:00,12,25.105444,26.0,-85.5999984741211,42003,35.215443,0.21061836,0.029972978,0.21274039,81.90065
2026-09-15 02:00:00,13,24.255587,28.5,-84.5,42036,35.224483,0.18879983,-0.03639541,0.19227585,100.911194
2026-09-15 02:00:00,14,24.249485,28.799999237060547,-86.0,42039,35.29406,0.21793467,0.021458732,0.21898857,84.37655
2026-09-15 02:00:00,15,24.142227,29.200000762939453,-88.19999694824219,42040,35.214195,0.24683225,0.011902353,0.24711905,87.23931
2026-09-15 02:00:00,16,25.451113,23.399999618530273,-162.10000610351562,51001,35.886494,0.14362553,0.063589655,0.15707304,66.11881
2026-09-15 02:00:00,17,26.443565,17.100000381469727,-157.8000030517578,51002,35.84939,0.17884427,0.14673056,0.23133337,50.63326
2026-09-15 02:00:00,18,26.104694,19.200000762939453,-160.60000610351562,51003,35.90657,0.17664655,0.10936332,0.20776029,58.238007
2026-09-15 02:00:00,19,26.52178,17.5,-152.5,51004,35.77421,0.1840196,0.27047476,0.32713884,34.229713
2026-09-15 02:00:00,20,27.412844,0.0,-140.0,51028,35.968407,-0.043677647,0.17888868,0.18414368,346.27905
2026-09-15 02:00:00,21,27.417162,-8.0,-95.0,52001,35.689953,-0.042776737,0.2736405,0.27696386,351.11517
2026-09-15 02:00:00,22,27.782694,0.0,-35.0,52002,35.87195,0.00037097032,0.098744184,0.098744884,0.21525249
2026-09-15 02:00:00,23,27.275557,8.0,67.0,52003,36.60153,0.095164776,0.061389685,0.11324764,57.174408
2026-09-15 02:00:00,24,27.033617,12.0,90.0,52004,36.453133,0.1107291,0.19770637,0.22660261,29.25181
2026-09-15 08:00:00,0,22.755064,34.70000076293945,-72.5999984741211,41001,35.02665,0.24134998,-0.1041808,0.26287535,113.34785
2026-09-15 08:00:00,1,23.505787,32.29999923706055,-75.4000015258789,41002,35.27484,0.24212664,0.013888631,0.24252465,86.71705
2026-09-15 08:00:00,2,23.710289,32.5,-79.0999984741211,41004,35.193146,0.19419545,-0.018308036,0.19505654,95.38571
2026-09-15 08:00:00,3,24.511219,28.5,-80.19999694824219,41009,35.322495,0.35240984,-0.0434231,0.355075,97.02444
2026-09-15 08:00:00,4,24.249168,28.899999618530273,-78.5,41010,35.084904,0.2488108,0.02858571,0.2504475,83.44605
2026-09-15 08:00:00,5,27.02804,14.5,-53.400001525878906,41040,35.73288,0.21047592,0.17165324,0.27159703,50.801098
2026-09-15 08:00:00,6,26.104734,21.0,-64.80000305175781,41043,35.604603,0.17488708,0.08056468,0.1925517,65.26604
2026-09-15 08:00:00,7,25.924051,21.600000381469727,-65.80000305175781,41044,35.55343,0.24839765,0.09395532,0.26557294,69.28109
2026-09-15 08:00:00,8,25.556662,23.799999237060547,-68.30000305175781,41046,35.455948,0.19967267,-0.011958651,0.20003046,93.42742
2026-09-15 08:00:00,9,24.854322,27.5,-71.5,41047,35.42774,0.304463,0.055046305,0.30939913,79.75174
2026-09-15 08:00:00,10,24.923155,25.899999618530273,-89.69999694824219,42001,35.434097,0.14765492,0.050183807,0.15594997,71.22853
2026-09-15 08:00:00,11,25.133371,26.0,-93.5999984741211,42002,35.267807,0.23772347,-0.0067400597,0.237819,91.62404
2026-09-15 08:00:00,12,25.05199,26.0,-85.5999984741211,42003,35.333702,0.23896217,-0.003940068,0.23899464,90.94462
2026-09-15 08:00:00,13,24.675127,28.5,-84.5,42036,35.17795,0.22331199,-0.04079408,0.2270075,100.35249
2026-09-15 08:00:00,14,24.615328,28.799999237060547,-86.0,42039,35.21247,0.2552349,0.0340557,0.25749686,82.39998
2026-09-15 08:00:00,15,24.20384,29.200000762939453,-88.19999694824219,42040,35.224884,0.3163055,-0.03730969,0.3184983,96.72721
2026-09-15 08:00:00,16,25.63764,23.399999618530273,-162.10000610351562,51001,35.69835,0.2616462,-0.013246924,0.26198134,92.89835
2026-09-15 08:00:00,17,26.670723,17.100000381469727,-157.8000030517578,51002,35.80738,0.14980125,0.12516451,0.19520904,50.119987
2026-09-15 08:00:00,18,26.183056,19.200000762939453,-160.60000610351562,51003,35.93294,0.20831773,0.1163725,0.2386186,60.810966
2026-09-15 08:00:00,19,26.738928,17.5,-152.5,51004,35.79471,0.08064341,0.13653105,0.15856887,30.56864
2026-09-15 08:00:00,20,27.878983,0.0,-140.0,51028,35.85395,-0.03286508,0.21444954,0.21695326,351.28702
2026-09-15 08:00:00,21,27.64767,-8.0,-95.0,52001,35.609978,-0.1275304,0.21578375,0.2506524,329.41647
2026-09-15 08:00:00,22,27.832323,0.0,-35.0,52002,35.785618,0.0036365816,0.20028062,0.20031364,1.0402298
2026-09-15 08:00:00,23,27.472548,8.0,67.0,52003,36.844856,-0.02342745,0.20301634,0.2043636,353.41736
2026-09-15 08:00:00,24,27.481775,12.0,90.0,52004,36.6565,0.19630967,0.31735677,0.37316594,31.73999
2026-09-15 14:00:00,0,22.482725,34.70000076293945,-72.5999984741211,41001,35.05817,0.24436745,-0.025018087,0.24564478,95.84551
2026-09-15 14:00:00,1,23.005466,32.29999923706055,-75.4000015258789,41002,35.116005,0.325456,0.019009445,0.32601067,86.65722
2026-09-15 14:00:00,2,23.268059,32.5,-79.0999984741211,41004,34.999786,0.28599724,0.020300638,0.28671682,85.93984
2026-09-15 14:00:00,3,23.942913,28.5,-80.19999694824219,41009,35.25905,0.24428058,0.030403543,0.24616534,82.90536
2026-09-15 14:00:00,4,23.838358,28.899999618530273,-78.5,41010,35.199646,0.2367306,-0.016569339,0.23730975,94.00373
2026-09-15 14:00:00,5,26.34982,14.5,-53.400001525878906,41040,35.66892,0.06333267,0.19503981,0.20506476,17.989473
2026-09-15 14:00:00,6,25.592455,21.0,-64.80000305175781,41043,35.495792,0.16858307,0.07822534,0.18584794,65.10792
2026-09-15 14:00:00,7,25.356625,21.600000381469727,-65.80000305175781,41044,35.47969,0.23352154,0.15996358,0.28305593,55.58863
2026-09-15 14:00:00,8,25.162117,23.799999237060547,-68.30000305175781,41046,35.372753,0.25234735,0.0041617155,0.25238168,89.05516
2026-09-15 14:00:00,9,24.294416,27.5,-71.5,41047,35.253128,0.15501553,-0.04806617,0.16229655,107.22726
2026-09-15 14:00:00,10,24.623217,25.899999618530273,-89.69999694824219,42001,35.42503,0.17656115,0.016505167,0.17733093,84.65943
2026-09-15 14:00:00,11,24.15135,26.0,-93.5999984741211,42002,35.42483,0.20339029,0.037812393,0.2068753,79.468346
2026-09-15 14:00:00,12,24.652617,26.0,-85.5999984741211,42003,35.209682,0.20983517,0.027069008,0.21157394,82.64936
2026-09-15 14:00:00,13,23.958311,28.5,-84.5,42036,35.412888,0.1945135,0.031782985,0.19709302,80.720024
2026-09-15 14:00:00,14,23.818468,28.799999237060547,-86.0,42039,35.218338,0.2527675,0.10534324,0.2738405,67.3756
2026-09-15 14:00:00,15,23.876028,29.200000762939453,-88.19999694824219,42040,35.22179,0.24413821,-0.0158393,0.24465148,93.71205
2026-09-15 14:00:00,16,25.235271,23.399999618530273,-162.10000610351562,51001,35.75188,0.2807586,0.037224963,0.2832156,82.447365
2026-09-15 14:00:00,17,25.841545,17.100000381469727,-157.8000030517578,51002,35.91388,0.25179067,0.032425947,0.25387,82.66176
2026-09-15 14:00:00,18,25.848907,19.200000762939453,-160.60000610351562,51003,35.839825,0.08729411,0.12055453,0.14884105,35.908474
2026-09-15 14:00:00,19,25.698244,17.5,-152.5,51004,35.71644,0.20564748,0.11099654,0.23369022,61.642406
2026-09-15 14:00:00,20,27.249338,0.0,-140.0,51028,35.85417,0.038203724,0.20940909,0.21286543,10.339099
2026-09-15 14:00:00,21,26.949677,-8.0,-95.0,52001,35.66211,-0.0334486,0.21456528,0.21715678,351.13947
2026-09-15 14:00:00,22,27.293097,0.0,-35.0,52002,36.021275,0.037772633,0.20432185,0.207784,10.473921
2026-09-15 14:00:00,23,27.307262,8.0,67.0,52003,36.64245,0.11008769,0.18307024,0.21362118,31.020227
2026-09-15 14:00:00,24,26.813244,12.0,90.0,52004,36.683483,0.11177894,0.22542194,0.25161394,26.37522
2026-09-15 20:00:00,0,22.241982,34.70000076293945,-72.5999984741211,41001,34.994076,0.33426028,-0.018307706,0.33476126,93.135
2026-09-15 20:00:00,1,22.879412,32.29999923706055,-75.4000015258789,41002,35.13081,0.31009698,0.1003297,0.3259236,72.07137
2026-09-15 20:00:00,2,22.694277,32.5,-79.0999984741211,41004,34.92203,0.25078708,-0.035637297,0.25330648,98.08768
2026-09-15 20:00:00,3,23.850513,28.5,-80.19999694824219,41009,35.278084,0.3127938,0.03402988,0.31463948,83.791016
2026-09-15 20:00:00,4,23.762018,28.899999618530273,-78.5,41010,35.16134,0.23341164,0.019707397,0.23424213,85.17385
2026-09-15 20:00:00,5,26.088419,14.5,-53.400001525878906,41040,35.721478,0.16522661,0.068707645,0.17894293,67.420555
2026-09-15 20:00:00,6,25.244837,21.0,-64.80000305175781,41043,35.40955,0.22484739,0.09829665,0.24539474,66.38647
2026-09-15 20:00:00,7,25.35704,21.600000381469727,-65.80000305175781,41044,35.35161,0.21317641,0.07774739,0.22691153,69.96262
2026-09-15 20:00:00,8,24.797268,23.799999237060547,-68.30000305175781,41046,35.38671,0.2912592,0.13514817,0.32108712,65.10806
2026-09-15 20:00:00,9,23.961248,27.5,-71.5,41047,35.305237,0.24650581,-0.11760966,0.27312478,115.50613
2026-09-15 20:00:00,10,24.527184,25.899999618530273,-89.69999694824219,42001,35.365166,0.20611803,-0.027690358,0.20796971,97.65143
2026-09-15 20:00:00,11,24.498028,26.0,-93.5999984741211,42002,35.241806,0.19305465,0.024611833,0.19461715,82.73476
2026-09-15 20:00:00,12,24.357214,26.0,-85.5999984741211,42003,35.235535,0.23891546,0.017416466,0.23954943,85.83062
2026-09-15 20:00:00,13,23.695368,28.5,-84.5,42036,35.261044,0.28411528,-0.04740143,0.28804234,99.47191
2026-09-15 20:00:00,14,23.718344,28.799999237060547,-86.0,42039,35.271458,0.24398138,-0.08465263,0.25824985,109.1349
2026-09-15 20:00:00,15,23.81264,29.200000762939453,-88.19999694824219,42040,35.23335,0.2793994,0.10371501,0.29802823,69.63472
2026-09-15 20:00:00,16,24.819656,23.399999618530273,-162.10000610351562,51001,35.91642,0.21145178,0.10534659,0.2362409,63.517223
2026-09-15 20:00:00,17,25.68392,17.100000381469727,-157.8000030517578,51002,35.811314,0.084405944,0.12326756,0.1493963,34.400913
2026-09-15 20:00:00,18,25.544048,19.200000762939453,-160.60000610351562,51003,35.807972,0.17234607,0.09583242,0.19719791,60.923904
2026-09-15 20:00:00,19,25.950508,17.5,-152.5,51004,35.69653,0.18294391,0.12972093,0.22426768,54.660503
2026-09-15 20:00:00,20,27.234196,0.0,-140.0,51028,35.83035,0.036448576,0.10256887,0.10885253,19.563028
2026-09-15 20:00:00,21,26.76259,-8.0,-95.0,52001,35.535336,-0.1207695,0.14503504,0.18873377,320.21613
2026-09-15 20:00:00,22,27.206467,0.0,-35.0,52002,35.968033,0.044893373,0.11730614,0.12560312,20.94198
2026-09-15 20:00:00,23,26.770224,8.0,67.0,52003,36.636303,0.1312098,0.16852024,0.21357688,37.904312
2026-09-15 20:00:00,24,26.795195,12.0,90.0,52004,36.812187,0.1357628,0.17002144,0.21757488,38.607502
2026-09-16 02:00:00,0,22.81649,34.70000076293945,-72.5999984741211,41001,35.033802,0.29601645,-0.12769488,0.32238445,113.33428
2026-09-16 02:00:00,1,23.521078,32.29999923706055,-75.4000015258789,41002,35.136242,0.23435274,0.040534653,0.23783243,80.186966
2026-09-16 02:00:00,2,23.526873,32.5,-79.0999984741211,41004,35.095955,0.25086892,-0.048273787,0.25547126,100.89208
2026-09-16 02:00:00,3,24.289476,28.5,-80.19999694824219,41009,35.33577,0.24139465,-0.021181617,0.24232218,95.01467
2026-09-16 02:00:00,4,24.448812,28.899999618530273,-78.5,41010,35.275608,0.23628268,0.030194357,0.23820412,82.71768
2026-09-16 02:00:00,5,26.643372,14.5,-53.400001525878906,41040,35.794582,0.22456202,0.14521956,0.26742628,57.110092
2026-09-16 02:00:00,6,25.614162,21.0,-64.80000305175781,41043,35.619278,0.19390394,0.06273654,0.20380041,72.0713
2026-09-16 02:00:00,7,25.714872,21.600000381469727,-65.80000305175781,41044,35.587273,0.21041062,0.118216865,0.24134593,60.671032
2026-09-16 02:00:00,8,25.727158,23.799999237060547,-68.30000305175781,41046,35.562435,0.1889708,0.04483103,0.19421582,76.65399
2026-09-16 02:00:00,9,24.402063,27.5,-71.5,41047,35.343334,0.2736231,0.04399818,0.27713794,80.86512
2026-09-16 02:00:00,10,24.918564,25.899999618530273,-89.69999694824219,42001,35.246017,0.27995238,0.08387397,0.2922468,73.32173
2026-09-16 02:00:00,11,24.90649,26.0,-93.5999984741211,42002,35.198162,0.27970254,0.035452597,0.2819404,82.776215
2026-09-16 02:00:00,12,25.111435,26.0,-85.5999984741211,42003,35.34989,0.17721514,0.016470093,0.17797884,84.69027
2026-09-16 02:00:00,13,24.137074,28.5,-84.5,42036,35.244728,0.22303613,0.020111797,0.22394106,84.847404
2026-09-16 02:00:00,14,24.341213,28.799999237060547,-86.0,42039,35.298985,0.27837694,0.04073047,0.28134087,81.67588
2026-09-16 02:00:00,15,24.17433,29.200000762939453,-88.19999694824219,42040,35.2953,0.27757195,-0.039046027,0.2803048,98.00725
2026-09-16 02:00:00,16,25.502327,23.399999618530273,-162.10000610351562,51001,35.71963,0.19167608,-0.014245242,0.1922047,94.25037
2026-09-16 02:00:00,17,26.560986,17.100000381469727,-157.8000030517578,51002,35.80297,0.21843238,0.12937874,0.2538731,59.3615
2026-09-16 02:00:00,18,25.92337,19.200000762939453,-160.60000610351562,51003,35.94613,0.17003337,0.058868103,0.17993554,70.90337
2026-09-16 02:00:00,19,26.50475,17.5,-152.5,51004,35.685226,0.21835548,0.14296755,0.26099586,56.78535
2026-09-16 02:00:00,20,27.451172,0.0,-140.0,51028,35.941586,-0.02765953,0.22547251,0.22716272,353.00626
2026-09-16 02:00:00,21,27.406301,-8.0,-95.0,52001,35.712276,-0.064476326,0.21725705,0.22662264,343.47046
2026-09-16 02:00:00,22,27.662682,0.0,-35.0,52002,35.929745,0.026720025,0.13901587,0.14156048,10.880043
2026-09-16 02:00:00,23,27.316563,8.0,67.0,52003,36.524582,0.030681476,0.26974058,0.27147987,6.4891834
2026-09-16 02:00:00,24,26.986992,12.0,90.0,52004,36.558933,0.13079341,0.21092007,0.24818176,31.80342
2026-09-16 08:00:00,0,23.0163,34.70000076293945,-72.5999984741211,41001,35.00194,0.30539685,-0.05094956,0.30961767,99.47146
2026-09-16 08:00:00,1,23.46011,32.29999923706055,-75.4000015258789,41002,35.166943,0.2867168,-0.014295573,0.28707296,92.85438
2026-09-16 08:00:00,2,23.54706,32.5,-79.0999984741211,41004,35.108906,0.32567245,-0.05928711,0.33102494,100.31744
2026-09-16 08:00:00,3,24.64998,28.5,-80.19999694824219,41009,35.449387,0.18338314,-0.02397015,0.18494308,97.44695
2026-09-16 08:00:00,4,24.507921,28.899999618530273,-78.5,41010,35.25993,0.124522746,0.06487636,0.1404096,62.480476
2026-09-16 08:00:00,5,27.181507,14.5,-53.400001525878906,41040,35.7391,0.15318856,0.18548846,0.24056746,39.55213
2026-09-16 08:00:00,6,26.192469,21.0,-64.80000305175781,41043,35.50852,0.14291522,0.08932034,0.16853155,57.9951
2026-09-16 08:00:00,7,25.661434,21.600000381469727,-65.80000305175781,41044,35.498547,0.15763426,0.092180856,0.18260852,59.68189
2026-09-16 08:00:00,8,25.257687,23.799999237060547,-68.30000305175781,41046,35.45049,0.20446046,0.03300973,0.20710799,80.82884
2026-09-16 08:00:00,9,24.426037,27.5,-71.5,41047,35.242508,0.27267352,-0.03663385,0.2751234,97.6519
2026-09-16 08:00:00,10,25.038946,25.899999618530273,-89.69999694824219,42001,35.250546,0.2538599,0.040675916,0.257098,80.89689
2026-09-16 08:00:00,11,25.239216,26.0,-93.5999984741211,42002,35.356873,0.27159905,0.019443478,0.27229413,85.905235
2026-09-16 08:00:00,12,25.124926,26.0,-85.5999984741211,42003,35.341705,0.1380469,0.032637186,0.1418525,76.69831
2026-09-16 08:00:00,13,24.269806,28.5,-84.5,42036,35.27219,0.18331942,0.12180537,0.2200967,56.398212
2026-09-16 08:00:00,14,24.27314,28.799999237060547,-86.0,42039,35.38217,0.28429025,0.06441622,0.2914968,77.23315
2026-09-16 08:00:00,15,24.211058,29.200000762939453,-88.19999694824219,42040,35.178646,0.19279212,0.05030676,0.19924751,75.37546
2026-09-16 08:00:00,16,25.397469,23.399999618530273,-162.10000610351562,51001,35.634132,0.25734693,-0.10008308,0.2761233,111.25122
2026-09-16 08:00:00,17,26.51606,17.100000381469727,-157.8000030517578,51002,35.68074,0.22044292,0.19387048,0.29356575,48.669697
2026-09-16 08:00:00,18,26.159723,19.200000762939453,-160.60000610351562,51003,35.990738,0.16487823,0.09959898,0.19262603,58.864826
2026-09-16 08:00:00,19,26.598507,17.5,-152.5,51004,35.780537,0.13815983,0.122711696,0.18478717,48.388947
2026-09-16 08:00:00,20,28.050701,0.0,-140.0,51028,35.95232,-0.06421786,0.16804421,0.17989661,339.08572
2026-09-16 08:00:00,21,27.42398,-8.0,-95.0,52001,35.46846,-0.12216041,0.3220058,0.34439933,339.22458
2026-09-16 08:00:00,22,27.994722,0.0,-35.0,52002,35.983036,-0.099321745,0.23601076,0.25605837,337.1769
2026-09-16 08:00:00,23,27.529419,8.0,67.0,52003,36.60069,0.031910256,0.22471607,0.22697043,8.082111
2026-09-16 08:00:00,24,27.246054,12.0,90.0,52004,36.57225,0.061266217,0.31920037,0.3250268,10.865019
2026-09-16 14:00:00,0,22.278015,34.70000076293945,-72.5999984741211,41001,35.01138,0.3179778,0.020423751,0.31863302,86.32493
2026-09-16 14:00:00,1,22.929567,32.29999923706055,-75.4000015258789,41002,35.188747,0.3540116,0.02039263,0.35459846,86.70315
2026-09-16 14:00:00,2,23.021152,32.5,-79.0999984741211,41004,35.001183,0.29620907,-0.060890876,0.30240288,101.6163
2026-09-16 14:00:00,3,24.09284,28.5,-80.19999694824219,41009,35.228626,0.21813872,0.10667883,0.24282685,63.93946
2026-09-16 14:00:00,4,23.80994,28.899999618530273,-78.5,41010,35.289238,0.23127118,0.09994016,0.25194126,66.62917
2026-09-16 14:00:00,5,26.377502,14.5,-53.400001525878906,41040,35.657166,0.15168537,0.095614806,0.17930602,57.77474
2026-09-16 14:00:00,6,25.6386,21.0,-64.80000305175781,41043,35.483883,0.2823675,0.06011519,0.28869575,77.98134
2026-09-16 14:00:00,7,25.344536,21.600000381469727,-65.80000305175781,41044,35.475468,0.14704137,0.055896103,0.15730715,69.186264
2026-09-16 14:00:00,8,25.102161,23.799999237060547,-68.30000305175781,41046,35.439987,0.2337062,0.05615508,0.24035804,76.48906
2026-09-16 14:00:00,9,23.950323,27.5,-71.5,41047,35.37489,0.2798879,0.043957673,0.28331876,81.07434
2026-09-16 14:00:00,10,24.329695,25.899999618530273,-89.69999694824219,42001,35.451733,0.22333978,-0.07594447,0.23589875,108.78009
2026-09-16 14:00:00,11,24.788742,26.0,-93.5999984741211,42002,35.30921,0.33580554,-0.028306708,0.3369965,94.818344
2026-09-16 14:00:00,12,24.48132,26.0,-85.5999984741211,42003,35.325363,0.21810797,0.011540666,0.21841307,86.97115
2026-09-16 14:00:00,13,23.81282,28.5,-84.5,42036,35.152115,0.20953321,0.01227357,0.20989236,86.64768
2026-09-16 14:00:00,14,23.93271,28.799999237060547,-86.0,42039,35.4099,0.25016302,-0.008957916,0.25032336,92.05078
2026-09-16 14:00:00,15,23.851843,29.200000762939453,-88.19999694824219,42040,35.075676,0.302069,0.016308863,0.30250895,86.90957
2026-09-16 14:00:00,16,24.846087,23.399999618530273,-162.10000610351562,51001,35.785152,0.1536938,-0.02212786,0.15527855,98.19278
2026-09-16 14:00:00,17,26.099142,17.100000381469727,-157.8000030517578,51002,35.9145,0.14938343,0.19249132,0.24365614,37.81335
2026-09-16 14:00:00,18,25.64478,19.200000762939453,-160.60000610351562,51003,35.710564,0.18726595,0.09468491,0.20984223,63.178043
2026-09-16 14:00:00,19,26.127415,17.5,-152.5,51004,35.712337,0.17852306,0.18337432,0.2559231,44.23199
2026-09-16 14:00:00,20,27.208767,0.0,-140.0,51028,35.951916,0.11975666,0.23922703,0.267528,26.59247
2026-09-16 14:00:00,21,27.07502,-8.0,-95.0,52001,35.48868,-0.006226301,0.15395162,0.15407747,357.68402
2026-09-16 14:00:00,22,27.291143,0.0,-35.0,52002,36.000935,-0.020226931,0.14217374,0.14360537,351.90292
2026-09-16 14:00:00,23,27.088501,8.0,67.0,52003,36.81599,0.1318275,0.24117398,0.27485156,28.661345
2026-09-16 14:00:00,24,26.669453,12.0,90.0,52004,36.612053,0.1354411,0.14708658,0.19994687,42.639664
