timestamp,depth,latitude,longitude,water_temp,salinity,eastward_current,northward_current,sea_surface_height
2026-09-16 00:00:00,0.0,-80.0,-180.0,3.6281586,33.33124,-0.32173562,-0.08422981,-0.7823049
2026-09-16 00:00:00,0.0,-80.0,-178.0,3.5011628,33.790195,-0.32825896,-0.026126908,-0.7825462
2026-09-16 00:00:00,0.0,-80.0,-176.0,3.6583533,33.62203,-0.3207564,0.030091824,-0.7876807
2026-09-16 00:00:00,0.0,-80.0,-174.0,3.8334217,33.67969,-0.37159303,-0.058874268,-0.84139824
2026-09-16 00:00:00,0.0,-80.0,-172.0,3.4819849,33.331436,-0.30216384,-0.070075125,-0.74081534
2026-09-16 00:00:00,0.0,-80.0,-170.0,3.4819882,33.312286,-0.36662832,-0.09192168,-0.80405706
2026-09-16 00:00:00,0.0,-80.0,-168.0,3.8446581,33.38326,-0.3515541,-0.06952483,-0.7801056
2026-09-16 00:00:00,0.0,-80.0,-166.0,3.6823025,33.381836,-0.3929252,-0.08526146,-0.7951556
2026-09-16 00:00:00,0.0,-80.0,-164.0,3.4349208,33.46433,-0.32036942,-0.22960192,-0.78343743
2026-09-16 00:00:00,0.0,-80.0,-162.0,3.6373277,33.41077,-0.19715697,-0.1874573,-0.7270282
2026-09-16 00:00:00,0.0,-80.0,-160.0,3.4361322,33.127136,-0.27187628,-0.22171989,-0.779067
2026-09-16 00:00:00,0.0,-80.0,-158.0,3.4356697,33.469498,-0.36195582,-0.1699409,-0.7712208
2026-09-16 00:00:00,0.0,-80.0,-156.0,3.577208,33.298855,-0.30454507,-0.2817398,-0.7751825
2026-09-16 00:00:00,0.0,-80.0,-154.0,3.1461596,33.395607,-0.34912795,-0.24207245,-0.72688025
2026-09-16 00:00:00,0.0,-80.0,-152.0,3.1838322,33.225826,-0.26814458,-0.22482927,-0.7576377
2026-09-16 00:00:00,0.0,-80.0,-150.0,3.4163582,33.108734,-0.26745942,-0.22159228,-0.74240583
2026-09-16 00:00:00,0.0,-80.0,-148.0,3.3262494,33.162045,-0.2768596,-0.31326413,-0.71507764
2026-09-16 00:00:00,0.0,-80.0,-146.0,3.591665,33.138474,-0.24520995,-0.24019137,-0.7167357
2026-09-16 00:00:00,0.0,-80.0,-144.0,3.347211,33.313873,-0.2280346,-0.36994138,-0.7480468
2026-09-16 00:00:00,0.0,-80.0,-142.0,3.2463548,33.11385,-0.28768882,-0.30674833,-0.73553854
2026-09-16 00:00:00,0.0,-80.0,-140.0,3.8219454,32.846413,-0.26203397,-0.16206738,-0.72784525
2026-09-16 00:00:00,0.0,-80.0,-138.0,3.4836605,33.096645,-0.2093586,-0.28121182,-0.71537685
2026-09-16 00:00:00,0.0,-80.0,-136.0,3.5423212,33.04549,-0.3179612,-0.32084227,-0.7038501
2026-09-16 00:00:00,0.0,-80.0,-134.0,3.243866,33.049706,-0.25366274,-0.40056768,-0.70335037
2026-09-16 00:00:00,0.0,-80.0,-132.0,3.419939,32.839653,-0.2804828,-0.2658137,-0.6902943
2026-09-16 00:00:00,0.0,-80.0,-130.0,3.551,33.0585,-0.25509757,-0.28920978,-0.687409
2026-09-16 00:00:00,0.0,-80.0,-128.0,3.298617,32.91812,-0.27282208,-0.300036,-0.7134476
2026-09-16 00:00:00,0.0,-80.0,-126.0,3.6039553,33.146023,-0.19747025,-0.30865654,-0.6444232
2026-09-16 00:00:00,0.0,-80.0,-124.0,3.4086878,32.890892,-0.26265344,-0.30541155,-0.62930876
2026-09-16 00:00:00,0.0,-80.0,-122.0,3.4704769,32.71875,-0.17034528,-0.22466503,-0.6623738
2026-09-16 00:00:00,0.0,-80.0,-120.0,3.4084742,33.01669,-0.2365231,-0.23915948,-0.64697355
2026-09-16 00:00:00,0.0,-80.0,-118.0,3.8992712,32.978313,-0.19843692,-0.13591011,-0.60227096
2026-09-16 00:00:00,0.0,-80.0,-116.0,3.5261161,32.81599,-0.15234973,-0.16009556,-0.607777
2026-09-16 00:00:00,0.0,-80.0,-114.0,3.3172734,33.010166,-0.2400044,-0.2519153,-0.591739
2026-09-16 00:00:00,0.0,-80.0,-112.0,3.6933246,32.973476,-0.18117699,-0.19877268,-0.61065274
2026-09-16 00:00:00,0.0,-80.0,-110.0,3.284647,32.890316,-0.15159215,-0.09560903,-0.5781734
2026-09-16 00:00:00,0.0,-80.0,-108.0,3.5705884,32.991764,-0.069968425,-0.112378605,-0.5977593
2026-09-16 00:00:00,0.0,-80.0,-106.0,3.1368816,32.79229,-0.16437691,-0.09725645,-0.5730473
2026-09-16 00:00:00,0.0,-80.0,-104.0,3.2631783,32.919914,-0.06875978,-0.060145933,-0.5708549
2026-09-16 00:00:00,0.0,-80.0,-102.0,3.568188,32.933945,-0.060254093,-0.031582713,-0.5545371
2026-09-16 00:00:00,0.0,-80.0,-100.0,3.676509,32.833023,0.0013383386,-0.0801644,-0.5273993
2026-09-16 00:00:00,0.0,-80.0,-98.0,3.5630894,32.750595,-0.028541166,-0.056157295,-0.5110861
2026-09-16 00:00:00,0.0,-80.0,-96.0,3.505686,32.732162,-0.065146856,-0.0535688,-0.51876354
2026-09-16 00:00:00,0.0,-80.0,-94.0,3.4685948,32.748936,-0.022932872,0.05993861,-0.51031035
2026-09-16 00:00:00,0.0,-80.0,-92.0,3.2331111,32.830204,-0.07214809,-0.024996009,-0.4921642
2026-09-16 00:00:00,0.0,-80.0,-90.0,3.3848467,32.72632,-0.0007292769,-0.05160679,-0.50106806
2026-09-16 00:00:00,0.0,-80.0,-88.0,3.436688,32.731773,-0.0801792,0.06467301,-0.5133824
2026-09-16 00:00:00,0.0,-80.0,-86.0,3.74024,33.0376,-0.014083173,0.014107093,-0.43231955
2026-09-16 00:00:00,0.0,-80.0,-84.0,3.5975392,32.776257,-0.0145431915,0.028916148,-0.4726048
2026-09-16 00:00:00,0.0,-80.0,-82.0,3.1762075,32.749977,0.043429542,0.0330419,-0.4376281
2026-09-16 00:00:00,0.0,-80.0,-80.0,3.5936325,32.702717,0.083885714,0.07308608,-0.42613083
2026-09-16 00:00:00,0.0,-80.0,-78.0,3.4517992,32.8914,0.0901944,-0.034256108,-0.4050161
2026-09-16 00:00:00,0.0,-80.0,-76.0,3.3934312,32.8555,0.11082095,0.21298173,-0.40282273
2026-09-16 00:00:00,0.0,-80.0,-74.0,3.651151,32.850166,0.106462754,0.11116911,-0.40579635
2026-09-16 00:00:00,0.0,-80.0,-72.0,3.7350156,32.764767,0.029642861,0.16955991,-0.4024075
2026-09-16 00:00:00,0.0,-80.0,-70.0,3.7150717,32.975582,0.1940557,0.160387,-0.3811749
2026-09-16 00:00:00,0.0,-80.0,-68.0,3.3609722,32.76786,0.19116275,0.1963006,-0.39639732
2026-09-16 00:00:00,0.0,-80.0,-66.0,3.466973,32.97104,0.20950632,0.22179632,-0.37032944
2026-09-16 00:00:00,0.0,-80.0,-64.0,3.5950682,32.86998,0.20168129,0.21623674,-0.39170867
2026-09-16 00:00:00,0.0,-80.0,-62.0,3.7239246,32.793606,0.19313766,0.25076988,-0.32086575
2026-09-16 00:00:00,0.0,-80.0,-60.0,3.4329808,32.80509,0.18119241,0.24862437,-0.3376339
2026-09-16 00:00:00,0.0,-80.0,-58.0,3.491684,32.95361,0.11215688,0.25203615,-0.35816017
2026-09-16 00:00:00,0.0,-80.0,-56.0,3.3075488,32.75483,0.18773557,0.33252546,-0.29669818
2026-09-16 00:00:00,0.0,-80.0,-54.0,3.2895744,32.948753,0.15803541,0.28637466,-0.30291778
2026-09-16 00:00:00,0.0,-80.0,-52.0,3.691321,33.076393,0.29247183,0.23567294,-0.28048196
2026-09-16 00:00:00,0.0,-80.0,-50.0,3.8000636,32.855026,0.22587128,0.24521516,-0.31144506
2026-09-16 00:00:00,0.0,-80.0,-48.0,3.5144136,33.030647,0.23729268,0.32586542,-0.2992375
2026-09-16 00:00:00,0.0,-80.0,-46.0,3.7295222,32.97374,0.25531322,0.34833467,-0.30844602
2026-09-16 00:00:00,0.0,-80.0,-44.0,3.601143,33.00286,0.24968924,0.24291497,-0.26159477
2026-09-16 00:00:00,0.0,-80.0,-42.0,3.3997917,32.917892,0.26112488,0.33037597,-0.228412
2026-09-16 00:00:00,0.0,-80.0,-40.0,3.6010947,33.096294,0.26112553,0.1865157,-0.26557514
2026-09-16 00:00:00,0.0,-80.0,-38.0,3.836423,33.00806,0.33142716,0.25397733,-0.24002826
2026-09-16 00:00:00,0.0,-80.0,-36.0,3.5216503,33.24654,0.26936188,0.30342743,-0.21607834
2026-09-16 00:00:00,0.0,-80.0,-34.0,3.8417444,33.374184,0.23495042,0.27261433,-0.2318701
2026-09-16 00:00:00,0.0,-80.0,-32.0,3.0048666,33.163418,0.32619765,0.34499258,-0.23236601
2026-09-16 00:00:00,0.0,-80.0,-30.0,3.693196,33.12545,0.31234112,0.27821636,-0.22445065
2026-09-16 00:00:00,0.0,-80.0,-28.0,3.546225,33.220207,0.26875386,0.24470209,-0.24310322
2026-09-16 00:00:00,0.0,-80.0,-26.0,3.4690142,33.305515,0.39893928,0.27386734,-0.22804002
2026-09-16 00:00:00,0.0,-80.0,-24.0,3.5471678,33.26902,0.30015832,0.26030463,-0.21138297
2026-09-16 00:00:00,0.0,-80.0,-22.0,3.1313019,33.2583,0.33068404,0.31209695,-0.21592931
2026-09-16 00:00:00,0.0,-80.0,-20.0,3.4848812,33.545994,0.26925275,0.21985227,-0.19674885
2026-09-16 00:00:00,0.0,-80.0,-18.0,3.600238,33.35834,0.3223066,0.25279403,-0.2202457
2026-09-16 00:00:00,0.0,-80.0,-16.0,3.8243945,33.51322,0.35134953,0.12458924,-0.2099932
2026-09-16 00:00:00,0.0,-80.0,-14.0,3.4251616,33.52157,0.35336617,0.090570174,-0.25430906
2026-09-16 00:00:00,0.0,-80.0,-12.0,3.367117,33.32079,0.29129794,0.10366204,-0.18363324
2026-09-16 00:00:00,0.0,-80.0,-10.0,3.4284642,33.242096,0.42696002,0.063200876,-0.21510433
2026-09-16 00:00:00,0.0,-80.0,-8.0,3.7118962,33.389706,0.3065233,0.0939386,-0.21298581
2026-09-16 00:00:00,0.0,-80.0,-6.0,3.5945659,33.474136,0.392489,0.08314432,-0.16574013
2026-09-16 00:00:00,0.0,-80.0,-4.0,3.4228635,33.59648,0.38289836,0.024966415,-0.21043617
2026-09-16 00:00:00,0.0,-80.0,-2.0,3.631469,33.553932,0.3512703,0.08990414,-0.19756109
2026-09-16 00:00:00,0.0,-80.0,0.0,3.5482311,33.62212,0.27308792,0.0168177,-0.17447461
2026-09-16 00:00:00,0.0,-80.0,2.0,3.7225447,33.794567,0.3268473,0.06271885,-0.21486408
2026-09-16 00:00:00,0.0,-80.0,4.0,3.388405,33.712032,0.36948243,-0.029872706,-0.21990716
2026-09-16 00:00:00,0.0,-80.0,6.0,3.4632833,33.60196,0.3337661,-0.029601043,-0.1998195
2026-09-16 00:00:00,0.0,-80.0,8.0,3.450394,33.864338,0.38302606,-0.0029163528,-0.22365959
2026-09-16 00:00:00,0.0,-80.0,10.0,3.2361126,33.730488,0.30155453,-0.18244027,-0.18840191
2026-09-16 00:00:00,0.0,-80.0,12.0,3.5880396,33.60346,0.23328885,-0.0669139,-0.22854626
2026-09-16 00:00:00,0.0,-80.0,14.0,3.5810268,33.761368,0.3846609,-0.18771246,-0.18831953
2026-09-16 00:00:00,0.0,-80.0,16.0,3.5298383,33.741894,0.36290893,-0.15762413,-0.19991013
2026-09-16 00:00:00,0.0,-80.0,18.0,3.4818983,33.985947,0.35475087,-0.13292183,-0.20621154
2026-09-16 00:00:00,0.0,-80.0,20.0,3.2457416,33.97934,0.31106836,-0.11840934,-0.22450563
2026-09-16 00:00:00,0.0,-80.0,22.0,3.4446867,33.78809,0.4349395,-0.22215053,-0.25631574
2026-09-16 00:00:00,0.0,-80.0,24.0,3.4602728,34.045765,0.2405734,-0.21113074,-0.25921193
2026-09-16 00:00:00,0.0,-80.0,26.0,3.3683603,33.850735,0.43786383,-0.25218204,-0.21311127
2026-09-16 00:00:00,0.0,-80.0,28.0,3.4965584,33.9297,0.20928895,-0.26870075,-0.17653582
2026-09-16 00:00:00,0.0,-80.0,30.0,3.6096258,34.198463,0.2668636,-0.28771126,-0.22726448
2026-09-16 00:00:00,0.0,-80.0,32.0,3.9060528,34.109062,0.28151515,-0.303172,-0.25465032
2026-09-16 00:00:00,0.0,-80.0,34.0,3.5637312,34.002388,0.16415271,-0.24766079,-0.2409987
2026-09-16 00:00:00,0.0,-80.0,36.0,3.5803256,33.898502,0.34792534,-0.34032217,-0.24747755
2026-09-16 00:00:00,0.0,-80.0,38.0,3.5139265,34.055782,0.23706724,-0.20020805,-0.2409679
2026-09-16 00:00:00,0.0,-80.0,40.0,3.1450615,34.235733,0.29419455,-0.2770521,-0.24938306
2026-09-16 00:00:00,0.0,-80.0,42.0,3.5235128,34.176285,0.21128996,-0.21491103,-0.2583906
2026-09-16 00:00:00,0.0,-80.0,44.0,3.5408616,34.23091,0.24929042,-0.34299785,-0.291569
2026-09-16 00:00:00,0.0,-80.0,46.0,4.021464,34.363068,0.20686032,-0.14366782,-0.3097943
2026-09-16 00:00:00,0.0,-80.0,48.0,3.4903433,34.404427,0.18993661,-0.35444853,-0.29673657
2026-09-16 00:00:00,0.0,-80.0,50.0,3.5891252,34.09045,0.2730524,-0.24623443,-0.27965242
2026-09-16 00:00:00,0.0,-80.0,52.0,3.5218732,34.111073,0.18957193,-0.2552613,-0.28526378
2026-09-16 00:00:00,0.0,-80.0,54.0,3.29508,34.366497,0.28067774,-0.20760433,-0.3136772
2026-09-16 00:00:00,0.0,-80.0,56.0,3.7573802,34.170727,0.17586604,-0.30406728,-0.3558662
2026-09-16 00:00:00,0.0,-80.0,58.0,3.6792023,34.048283,0.17035955,-0.3205597,-0.35170403
2026-09-16 00:00:00,0.0,-80.0,60.0,3.687022,34.304863,0.19945723,-0.3042865,-0.350607
2026-09-16 00:00:00,0.0,-80.0,62.0,3.3469381,34.516434,0.2169224,-0.22188652,-0.37897497
2026-09-16 00:00:00,0.0,-80.0,64.0,3.8093746,34.26243,0.11280653,-0.21374401,-0.35531214
2026-09-16 00:00:00,0.0,-80.0,66.0,3.2484455,34.29814,0.12845275,-0.2563475,-0.36580953
2026-09-16 00:00:00,0.0,-80.0,68.0,3.646187,34.44685,0.08760186,-0.12876897,-0.4068423
2026-09-16 00:00:00,0.0,-80.0,70.0,3.9669068,34.292336,0.10487167,-0.19467519,-0.34641284
2026-09-16 00:00:00,0.0,-80.0,72.0,3.3307083,34.398014,0.1514181,-0.19513208,-0.41773972
2026-09-16 00:00:00,0.0,-80.0,74.0,3.4155562,34.450485,0.11012115,-0.25470638,-0.41645578
2026-09-16 00:00:00,0.0,-80.0,76.0,3.5487459,34.420918,0.09447904,-0.20764342,-0.40942
2026-09-16 00:00:00,0.0,-80.0,78.0,3.4281206,34.37313,0.07606844,-0.14548525,-0.417726
2026-09-16 00:00:00,0.0,-80.0,80.0,3.218683,34.29895,-0.08688618,-0.08722495,-0.459264
2026-09-16 00:00:00,0.0,-80.0,82.0,3.5425282,34.54628,0.06816952,-0.046929676,-0.45082164
2026-09-16 00:00:00,0.0,-80.0,84.0,3.316355,34.486073,0.008049622,-0.009475622,-0.44545642
2026-09-16 00:00:00,0.0,-80.0,86.0,3.6235342,34.378944,0.029026097,-0.09484617,-0.5134807
2026-09-16 00:00:00,0.0,-80.0,88.0,3.344931,34.35757,0.0014865828,-0.08347168,-0.42634135
2026-09-16 00:00:00,0.0,-80.0,90.0,3.8388026,34.36037,0.041019835,-0.03612445,-0.47315305
2026-09-16 00:00:00,0.0,-80.0,92.0,3.372165,34.465282,-0.051912505,-0.01120378,-0.49949703
2026-09-16 00:00:00,0.0,-80.0,94.0,3.4644034,34.523243,-0.10880566,0.038249616,-0.539966
2026-09-16 00:00:00,0.0,-80.0,96.0,3.691519,34.39586,-0.017743483,0.08654602,-0.544098
2026-09-16 00:00:00,0.0,-80.0,98.0,3.2826428,34.22073,-0.18607663,0.15870515,-0.52292013
2026-09-16 00:00:00,0.0,-80.0,100.0,3.5743077,34.482056,-0.09017999,0.0706215,-0.53174096
2026-09-16 00:00:00,0.0,-80.0,102.0,3.790244,34.33578,-0.15383933,0.17440511,-0.57866937
2026-09-16 00:00:00,0.0,-80.0,104.0,3.207319,34.364548,-0.037970543,0.12688904,-0.549773
2026-09-16 00:00:00,0.0,-80.0,106.0,3.5657425,34.45733,0.01690094,0.13515784,-0.58425206
2026-09-16 00:00:00,0.0,-80.0,108.0,3.5807922,34.45143,-0.08671418,0.13195498,-0.5806542
2026-09-16 00:00:00,0.0,-80.0,110.0,3.6851802,34.242344,-0.012826082,0.16314217,-0.60217315
2026-09-16 00:00:00,0.0,-80.0,112.0,3.2814255,34.219837,-0.20575623,0.2435035,-0.6187991
2026-09-16 00:00:00,0.0,-80.0,114.0,3.2647243,34.0692,-0.092877,0.2541339,-0.59564626
2026-09-16 00:00:00,0.0,-80.0,116.0,3.633204,34.518078,-0.060821876,0.23003006,-0.6261717
2026-09-16 00:00:00,0.0,-80.0,118.0,3.5882125,34.27808,-0.09663908,0.27269503,-0.6412035
2026-09-16 00:00:00,0.0,-80.0,120.0,3.5789142,34.22282,-0.117257744,0.15830137,-0.64348114
2026-09-16 00:00:00,0.0,-80.0,122.0,3.5981052,34.216064,-0.20396587,0.27969277,-0.6768915
2026-09-16 00:00:00,0.0,-80.0,124.0,3.3928106,34.234657,-0.25052735,0.19962828,-0.66125315
2026-09-16 00:00:00,0.0,-80.0,126.0,3.5752664,34.452694,-0.2788728,0.28670618,-0.6895114
2026-09-16 00:00:00,0.0,-80.0,128.0,3.5874302,34.24658,-0.33107677,0.29657793,-0.6895293
2026-09-16 00:00:00,0.0,-80.0,130.0,3.3859453,34.06974,-0.20059288,0.22558305,-0.679864
2026-09-16 00:00:00,0.0,-80.0,132.0,3.9019706,33.968586,-0.35066986,0.32248896,-0.69114065
2026-09-16 00:00:00,0.0,-80.0,134.0,3.6235821,34.131794,-0.27172437,0.27138093,-0.6900668
2026-09-16 00:00:00,0.0,-80.0,136.0,3.290555,34.2307,-0.26804692,0.18517603,-0.6944807
2026-09-16 00:00:00,0.0,-80.0,138.0,3.6601264,34.242004,-0.13832389,0.25471476,-0.7445445
2026-09-16 00:00:00,0.0,-80.0,140.0,3.3338792,34.07147,-0.28862432,0.27676627,-0.7204018
2026-09-16 00:00:00,0.0,-80.0,142.0,3.6862326,34.04276,-0.22911775,0.2856918,-0.73516697
2026-09-16 00:00:00,0.0,-80.0,144.0,3.7605348,34.23559,-0.25862285,0.35002264,-0.7407326
2026-09-16 00:00:00,0.0,-80.0,146.0,3.364679,33.97124,-0.25908166,0.35268232,-0.7430627
2026-09-16 00:00:00,0.0,-80.0,148.0,3.7214909,34.0406,-0.33443207,0.27511677,-0.7206723
2026-09-16 00:00:00,0.0,-80.0,150.0,3.6113718,34.105507,-0.27785712,0.30334577,-0.76754177
2026-09-16 00:00:00,0.0,-80.0,152.0,3.6932278,34.012756,-0.40632358,0.24212532,-0.72440755
2026-09-16 00:00:00,0.0,-80.0,154.0,3.9081743,33.991528,-0.34056053,0.30143908,-0.77576387
2026-09-16 00:00:00,0.0,-80.0,156.0,3.479738,34.078293,-0.33063176,0.25012776,-0.79695266
2026-09-16 00:00:00,0.0,-80.0,158.0,3.3780684,33.876575,-0.30270594,0.22420664,-0.7700328
2026-09-16 00:00:00,0.0,-80.0,160.0,3.3509128,34.093815,-0.32804126,0.23477384,-0.7983549
2026-09-16 00:00:00,0.0,-80.0,162.0,3.3656535,33.796272,-0.32730436,0.1831002,-0.77982414
2026-09-16 00:00:00,0.0,-80.0,164.0,3.5133953,33.728165,-0.37132573,0.18298838,-0.794461
2026-09-16 00:00:00,0.0,-80.0,166.0,3.5970461,33.7274,-0.3213252,0.16266577,-0.7449174
2026-09-16 00:00:00,0.0,-80.0,168.0,3.584154,33.864857,-0.43003175,0.07432329,-0.7830902
2026-09-16 00:00:00,0.0,-80.0,170.0,3.6942523,33.745003,-0.31166717,0.19822253,-0.78867024
2026-09-16 00:00:00,0.0,-80.0,172.0,3.531416,33.62309,-0.2624597,0.04837621,-0.822818
2026-09-16 00:00:00,0.0,-80.0,174.0,3.8195224,33.65712,-0.4070311,0.055469908,-0.79989684
2026-09-16 00:00:00,0.0,-80.0,176.0,3.4758842,33.7809,-0.33626825,0.06934231,-0.77557445
2026-09-16 00:00:00,0.0,-80.0,178.0,4.0728493,33.41429,-0.42169467,-0.03852253,-0.78906304
2026-09-16 00:00:00,0.0,-80.0,-180.0,3.653949,33.595932,-0.32943365,-0.03001185,-0.8202439
2026-09-16 00:00:00,0.0,-78.0,-180.0,4.3500957,33.598648,-0.35598204,0.023297412,-0.765371
2026-09-16 00:00:00,0.0,-78.0,-178.0,4.3073487,33.59616,-0.30041578,0.008624575,-0.8031158
2026-09-16 00:00:00,0.0,-78.0,-176.0,4.618022,33.6785,-0.3633262,-0.0119291125,-0.7776005
2026-09-16 00:00:00,0.0,-78.0,-174.0,4.476835,33.494976,-0.3363631,-0.032029524,-0.7734261
2026-09-16 00:00:00,0.0,-78.0,-172.0,4.6643276,33.41327,-0.313736,-0.16151777,-0.7812868
2026-09-16 00:00:00,0.0,-78.0,-170.0,4.6161747,33.543064,-0.32757917,-0.17541243,-0.7850737
2026-09-16 00:00:00,0.0,-78.0,-168.0,4.5069613,33.608444,-0.2476287,-0.084940426,-0.77178603
2026-09-16 00:00:00,0.0,-78.0,-166.0,4.3521686,33.492165,-0.32749927,-0.15203053,-0.8001393
2026-09-16 00:00:00,0.0,-78.0,-164.0,4.218558,33.38392,-0.31741852,-0.16675924,-0.7682995
2026-09-16 00:00:00,0.0,-78.0,-162.0,4.4322243,33.35719,-0.29521343,-0.21244277,-0.8042937
2026-09-16 00:00:00,0.0,-78.0,-160.0,4.692807,33.25512,-0.2519815,-0.22296809,-0.7722418
2026-09-16 00:00:00,0.0,-78.0,-158.0,4.5643463,33.4129,-0.36663455,-0.16546033,-0.828447
2026-09-16 00:00:00,0.0,-78.0,-156.0,4.2723794,33.331882,-0.2147606,-0.084457256,-0.7765932
2026-09-16 00:00:00,0.0,-78.0,-154.0,4.5561633,33.260723,-0.2854801,-0.23900868,-0.7962944
2026-09-16 00:00:00,0.0,-78.0,-152.0,4.598591,33.25935,-0.3217856,-0.25600436,-0.7297406
2026-09-16 00:00:00,0.0,-78.0,-150.0,4.3447556,33.078545,-0.2259321,-0.20404026,-0.71992654
2026-09-16 00:00:00,0.0,-78.0,-148.0,4.5522723,33.047104,-0.2210066,-0.29139942,-0.76717055
2026-09-16 00:00:00,0.0,-78.0,-146.0,4.5331693,33.29456,-0.2758823,-0.116491705,-0.7228339
2026-09-16 00:00:00,0.0,-78.0,-144.0,4.2929335,33.019085,-0.2723965,-0.31429482,-0.76179993
2026-09-16 00:00:00,0.0,-78.0,-142.0,4.593085,33.205727,-0.31847504,-0.21441406,-0.7169865
2026-09-16 00:00:00,0.0,-78.0,-140.0,4.633684,33.293835,-0.25371,-0.23587565,-0.67590076
2026-09-16 00:00:00,0.0,-78.0,-138.0,4.7381377,32.95142,-0.16153678,-0.27172902,-0.7088739
2026-09-16 00:00:00,0.0,-78.0,-136.0,4.732288,33.069176,-0.2920843,-0.19638976,-0.6822677
2026-09-16 00:00:00,0.0,-78.0,-134.0,4.2459936,33.21103,-0.22168054,-0.21504727,-0.7047833
2026-09-16 00:00:00,0.0,-78.0,-132.0,4.3339624,32.91792,-0.2536543,-0.32509604,-0.68916243
2026-09-16 00:00:00,0.0,-78.0,-130.0,4.6245346,32.884727,-0.15167822,-0.20544171,-0.67842674
2026-09-16 00:00:00,0.0,-78.0,-128.0,4.6242847,32.998173,-0.19907989,-0.227806,-0.64418286
2026-09-16 00:00:00,0.0,-78.0,-126.0,4.624537,32.94148,-0.19581385,-0.3209266,-0.6519413
2026-09-16 00:00:00,0.0,-78.0,-124.0,5.2920737,33.17917,-0.19198424,-0.25869635,-0.64039737
2026-09-16 00:00:00,0.0,-78.0,-122.0,4.6357055,33.030594,-0.20849943,-0.18027598,-0.6734692
2026-09-16 00:00:00,0.0,-78.0,-120.0,4.7486405,32.882526,-0.27841341,-0.2320614,-0.6204454
2026-09-16 00:00:00,0.0,-78.0,-118.0,4.7123275,32.914177,-0.22289982,-0.21323346,-0.6525218
2026-09-16 00:00:00,0.0,-78.0,-116.0,4.6518054,32.713516,-0.19960417,-0.19304529,-0.65755504
2026-09-16 00:00:00,0.0,-78.0,-114.0,4.4584737,32.756653,-0.20644858,-0.23782368,-0.5986225
2026-09-16 00:00:00,0.0,-78.0,-112.0,4.6733212,32.994236,-0.08077909,-0.15183236,-0.5609251
2026-09-16 00:00:00,0.0,-78.0,-110.0,4.3669624,32.77669,-0.20623384,-0.20758907,-0.5724684
2026-09-16 00:00:00,0.0,-78.0,-108.0,4.4741635,32.929806,-0.1649746,-0.1581303,-0.54678255
2026-09-16 00:00:00,0.0,-78.0,-106.0,4.4244547,32.73555,-0.022982797,-0.13570361,-0.56334
2026-09-16 00:00:00,0.0,-78.0,-104.0,4.5379024,32.766167,-0.06327018,-0.22167619,-0.56928486
2026-09-16 00:00:00,0.0,-78.0,-102.0,4.984459,32.755276,0.017867077,-0.14169976,-0.551254
2026-09-16 00:00:00,0.0,-78.0,-100.0,4.148074,32.91927,-0.008286036,-0.19138412,-0.584525
2026-09-16 00:00:00,0.0,-78.0,-98.0,4.658779,32.786575,-0.06529218,-0.14700769,-0.524363
2026-09-16 00:00:00,0.0,-78.0,-96.0,4.198984,32.89127,-0.0656615,-0.07235638,-0.5372519
2026-09-16 00:00:00,0.0,-78.0,-94.0,4.427141,32.885662,-0.018004391,-0.20032759,-0.5299126
2026-09-16 00:00:00,0.0,-78.0,-92.0,4.7393174,33.036644,-0.03266291,0.0011642228,-0.4822017
2026-09-16 00:00:00,0.0,-78.0,-90.0,4.5343833,32.77843,0.0013222148,-0.056970526,-0.46335053
2026-09-16 00:00:00,0.0,-78.0,-88.0,4.3059783,32.86257,0.036734756,-0.020314489,-0.45319667
2026-09-16 00:00:00,0.0,-78.0,-86.0,4.3784666,32.974037,-0.019650178,0.018756777,-0.46814474
2026-09-16 00:00:00,0.0,-78.0,-84.0,4.657447,32.842426,0.07434571,0.107657894,-0.4121987
2026-09-16 00:00:00,0.0,-78.0,-82.0,4.375454,32.832417,0.123792626,0.04475666,-0.44745937
2026-09-16 00:00:00,0.0,-78.0,-80.0,4.564819,32.759075,0.06279031,0.15668927,-0.4609879
2026-09-16 00:00:00,0.0,-78.0,-78.0,4.5306416,32.759186,0.05837213,0.058235355,-0.43942252
2026-09-16 00:00:00,0.0,-78.0,-76.0,4.391207,32.779938,0.08679276,0.13017814,-0.4099789
2026-09-16 00:00:00,0.0,-78.0,-74.0,4.950316,32.904636,0.11906978,0.10893215,-0.39311785
2026-09-16 00:00:00,0.0,-78.0,-72.0,4.648311,32.764816,0.11247363,0.19396071,-0.40949458
2026-09-16 00:00:00,0.0,-78.0,-70.0,4.116499,32.9679,0.21008624,0.14198287,-0.40942672
2026-09-16 00:00:00,0.0,-78.0,-68.0,4.5588183,32.69518,0.06534589,0.23199,-0.3873357
2026-09-16 00:00:00,0.0,-78.0,-66.0,4.38917,32.82754,0.13631934,0.18422589,-0.41268376
2026-09-16 00:00:00,0.0,-78.0,-64.0,4.692014,32.828312,0.19365281,0.32566208,-0.36031312
2026-09-16 00:00:00,0.0,-78.0,-62.0,4.3630233,32.917263,0.0411154,0.15791005,-0.3522357
2026-09-16 00:00:00,0.0,-78.0,-60.0,4.49858,32.89224,0.22663197,0.17951386,-0.32791603
2026-09-16 00:00:00,0.0,-78.0,-58.0,4.6225247,33.204525,0.1765251,0.22734979,-0.3219641
2026-09-16 00:00:00,0.0,-78.0,-56.0,4.6946783,32.9338,0.29672322,0.14392576,-0.29422244
2026-09-16 00:00:00,0.0,-78.0,-54.0,4.281468,32.976334,0.22491053,0.271939,-0.33255306
2026-09-16 00:00:00,0.0,-78.0,-52.0,4.454627,33.028175,0.22638299,0.25177228,-0.32090494
2026-09-16 00:00:00,0.0,-78.0,-50.0,4.4265385,33.045086,0.21245115,0.24192429,-0.27025804
2026-09-16 00:00:00,0.0,-78.0,-48.0,4.3908615,33.10628,0.24789785,0.29216325,-0.3036086
2026-09-16 00:00:00,0.0,-78.0,-46.0,4.874618,33.089607,0.1807803,0.31906196,-0.2862358
2026-09-16 00:00:00,0.0,-78.0,-44.0,4.602524,32.938698,0.17144,0.28617695,-0.24392806
2026-09-16 00:00:00,0.0,-78.0,-42.0,4.2693505,33.05556,0.20574944,0.26958528,-0.25242546
2026-09-16 00:00:00,0.0,-78.0,-40.0,4.7050996,32.991753,0.18712786,0.30729488,-0.23222671
2026-09-16 00:00:00,0.0,-78.0,-38.0,4.9459586,33.044437,0.28877932,0.33858687,-0.29449967
2026-09-16 00:00:00,0.0,-78.0,-36.0,4.72802,33.19962,0.19294684,0.31461802,-0.25737926
2026-09-16 00:00:00,0.0,-78.0,-34.0,4.2176533,33.209923,0.26859063,0.26705077,-0.22247928
2026-09-16 00:00:00,0.0,-78.0,-32.0,4.4246807,33.14432,0.25459617,0.3180231,-0.24089538
2026-09-16 00:00:00,0.0,-78.0,-30.0,4.7749095,33.271614,0.27308378,0.2945833,-0.21868618
2026-09-16 00:00:00,0.0,-78.0,-28.0,4.3799934,33.31925,0.31402996,0.34895912,-0.24930875
2026-09-16 00:00:00,0.0,-78.0,-26.0,4.610291,33.17887,0.345324,0.1287309,-0.2528364
2026-09-16 00:00:00,0.0,-78.0,-24.0,4.676454,33.209953,0.33456936,0.15207846,-0.2076366
2026-09-16 00:00:00,0.0,-78.0,-22.0,4.336141,33.264275,0.31603938,0.13473396,-0.1617867
2026-09-16 00:00:00,0.0,-78.0,-20.0,4.509622,33.36931,0.38678604,0.17039672,-0.22244498
2026-09-16 00:00:00,0.0,-78.0,-18.0,3.8732738,33.424625,0.2044863,0.06567265,-0.20694925
2026-09-16 00:00:00,0.0,-78.0,-16.0,4.31665,33.364697,0.24314383,0.10902647,-0.17119677
2026-09-16 00:00:00,0.0,-78.0,-14.0,4.4710135,33.557827,0.26328796,0.04839358,-0.21874532
2026-09-16 00:00:00,0.0,-78.0,-12.0,4.2719707,33.186634,0.3068883,0.10179585,-0.17602704
2026-09-16 00:00:00,0.0,-78.0,-10.0,4.8480096,33.510277,0.29402435,0.18558685,-0.17214943
2026-09-16 00:00:00,0.0,-78.0,-8.0,4.235499,33.565163,0.24490233,0.06918122,-0.20260476
2026-09-16 00:00:00,0.0,-78.0,-6.0,4.4335184,33.544693,0.41746268,-0.000587791,-0.2268273
2026-09-16 00:00:00,0.0,-78.0,-4.0,4.5476756,33.451427,0.271709,0.037449308,-0.15353282
2026-09-16 00:00:00,0.0,-78.0,-2.0,4.809782,33.58765,0.28948238,-0.043373294,-0.17186627
2026-09-16 00:00:00,0.0,-78.0,0.0,4.234355,33.615875,0.25607497,-0.108165644,-0.180737
2026-09-16 00:00:00,0.0,-78.0,2.0,4.75416,33.602997,0.30326003,0.036619943,-0.20820664
2026-09-16 00:00:00,0.0,-78.0,4.0,4.523574,33.565647,0.37506038,0.014039774,-0.19578913
2026-09-16 00:00:00,0.0,-78.0,6.0,4.325226,33.640095,0.314366,0.015876476,-0.14856128
2026-09-16 00:00:00,0.0,-78.0,8.0,4.613948,33.523605,0.4197158,-0.0042306483,-0.16246356
2026-09-16 00:00:00,0.0,-78.0,10.0,4.5613394,33.660667,0.27605185,-0.09541519,-0.17006204
2026-09-16 00:00:00,0.0,-78.0,12.0,4.401484,33.786453,0.26333237,-0.081454806,-0.21235158
2026-09-16 00:00:00,0.0,-78.0,14.0,4.5354877,33.89571,0.34509572,-0.109023005,-0.21085595
2026-09-16 00:00:00,0.0,-78.0,16.0,4.4444647,33.863697,0.36976558,-0.11056716,-0.16500208
2026-09-16 00:00:00,0.0,-78.0,18.0,4.544231,33.70162,0.3355175,-0.17882459,-0.18378496
2026-09-16 00:00:00,0.0,-78.0,20.0,4.6539536,33.686943,0.3974557,-0.23469913,-0.21623373
2026-09-16 00:00:00,0.0,-78.0,22.0,4.838731,33.845528,0.3515391,-0.17734212,-0.21479827
2026-09-16 00:00:00,0.0,-78.0,24.0,4.2739644,33.850815,0.2798017,-0.18784752,-0.22173922
2026-09-16 00:00:00,0.0,-78.0,26.0,4.948134,34.027527,0.28122383,-0.22953066,-0.20878577
2026-09-16 00:00:00,0.0,-78.0,28.0,4.1311097,33.810387,0.28851476,-0.20847575,-0.23037331
2026-09-16 00:00:00,0.0,-78.0,30.0,4.4911704,33.976852,0.30893505,-0.28915942,-0.23098098
2026-09-16 00:00:00,0.0,-78.0,32.0,4.6391907,33.990654,0.2622239,-0.18634659,-0.26040184
2026-09-16 00:00:00,0.0,-78.0,34.0,4.577726,34.171535,0.22510867,-0.29285073,-0.2360941
2026-09-16 00:00:00,0.0,-78.0,36.0,4.3969874,34.15893,0.19175953,-0.24453127,-0.24912068
2026-09-16 00:00:00,0.0,-78.0,38.0,4.4799027,34.032036,0.23645645,-0.24046141,-0.26234263
2026-09-16 00:00:00,0.0,-78.0,40.0,4.4229274,34.069904,0.21436061,-0.3252938,-0.26181996
2026-09-16 00:00:00,0.0,-78.0,42.0,4.4036546,34.069885,0.28114405,-0.23560478,-0.23309714
2026-09-16 00:00:00,0.0,-78.0,44.0,4.6914477,34.315063,0.30924818,-0.24049,-0.267296
2026-09-16 00:00:00,0.0,-78.0,46.0,4.5929303,34.18311,0.15127772,-0.35338467,-0.30202994
2026-09-16 00:00:00,0.0,-78.0,48.0,4.3829455,34.22414,0.26779866,-0.36819035,-0.26566076
2026-09-16 00:00:00,0.0,-78.0,50.0,4.7014475,34.024452,0.14680538,-0.27781212,-0.29470617
2026-09-16 00:00:00,0.0,-78.0,52.0,4.5829873,34.3374,0.12412499,-0.3372183,-0.3205619
2026-09-16 00:00:00,0.0,-78.0,54.0,4.6840997,34.101902,0.18731034,-0.26277468,-0.31295982
2026-09-16 00:00:00,0.0,-78.0,56.0,4.6474533,34.338497,0.15980776,-0.3685646,-0.32340658
2026-09-16 00:00:00,0.0,-78.0,58.0,4.355728,34.31688,0.11483986,-0.228189,-0.3127589
2026-09-16 00:00:00,0.0,-78.0,60.0,4.409491,34.34531,0.19108866,-0.23775849,-0.35724577
2026-09-16 00:00:00,0.0,-78.0,62.0,4.670986,34.463657,0.11802931,-0.18976554,-0.3733508
2026-09-16 00:00:00,0.0,-78.0,64.0,4.6436014,34.321827,0.11728195,-0.32730767,-0.37544024
2026-09-16 00:00:00,0.0,-78.0,66.0,4.517347,34.414032,0.09942482,-0.21361779,-0.36933273
2026-09-16 00:00:00,0.0,-78.0,68.0,4.544993,34.373722,0.08277647,-0.14268017,-0.3851683
2026-09-16 00:00:00,0.0,-78.0,70.0,4.7770605,34.28085,0.09484525,-0.28270552,-0.39241135
2026-09-16 00:00:00,0.0,-78.0,72.0,4.403213,34.475388,0.068786085,-0.16337599,-0.37420425
2026-09-16 00:00:00,0.0,-78.0,74.0,4.6309466,34.456905,0.099029355,-0.14276206,-0.38352853
2026-09-16 00:00:00,0.0,-78.0,76.0,4.4810886,34.441833,0.16014083,-0.0851242,-0.39548072
2026-09-16 00:00:00,0.0,-78.0,78.0,4.477991,34.391712,0.054651916,-0.10094469,-0.4262581
2026-09-16 00:00:00,0.0,-78.0,80.0,4.741283,34.37504,0.071190424,-0.01426274,-0.43864906
2026-09-16 00:00:00,0.0,-78.0,82.0,4.6866107,34.34712,0.0665201,-0.08763726,-0.49596238
2026-09-16 00:00:00,0.0,-78.0,84.0,4.6842294,34.51412,0.02066369,-0.12734409,-0.45538044
2026-09-16 00:00:00,0.0,-78.0,86.0,4.7826233,34.409,0.0103784865,-0.053349238,-0.46137875
2026-09-16 00:00:00,0.0,-78.0,88.0,4.525728,34.32798,-0.006076079,-0.0371348,-0.5083364
2026-09-16 00:00:00,0.0,-78.0,90.0,4.657918,34.244846,2.0456298e-06,-0.01816024,-0.47592685
2026-09-16 00:00:00,0.0,-78.0,92.0,4.459474,34.412003,-0.03290783,0.084397346,-0.48543456
2026-09-16 00:00:00,0.0,-78.0,94.0,4.5863605,34.264526,-0.008514985,-0.007454963,-0.48876244
2026-09-16 00:00:00,0.0,-78.0,96.0,4.4954987,34.307457,-0.025740942,0.02028794,-0.52297455
2026-09-16 00:00:00,0.0,-78.0,98.0,4.5409265,34.39985,-0.06212297,0.00140966,-0.53022623
2026-09-16 00:00:00,0.0,-78.0,100.0,4.6405587,34.366375,0.05910554,0.04730689,-0.58845013
2026-09-16 00:00:00,0.0,-78.0,102.0,4.357883,34.20833,-0.108735174,0.04143192,-0.54720706
2026-09-16 00:00:00,0.0,-78.0,104.0,4.940005,34.659626,-0.06891275,0.1537722,-0.53245324
2026-09-16 00:00:00,0.0,-78.0,106.0,4.320324,34.458214,-0.03743035,0.21954566,-0.5566226
2026-09-16 00:00:00,0.0,-78.0,108.0,4.2786894,34.268635,-0.09974245,0.19125003,-0.5917337
2026-09-16 00:00:00,0.0,-78.0,110.0,4.7531495,34.275177,-0.13347147,0.16602413,-0.58550006
2026-09-16 00:00:00,0.0,-78.0,112.0,4.67986,34.382256,-0.15945604,0.24376005,-0.57240874
2026-09-16 00:00:00,0.0,-78.0,114.0,4.6463513,34.286068,-0.16554454,0.1825837,-0.5657782
2026-09-16 00:00:00,0.0,-78.0,116.0,4.6471963,34.363785,-0.046525203,0.14898212,-0.63294953
2026-09-16 00:00:00,0.0,-78.0,118.0,4.519078,34.265003,-0.17864782,0.24961175,-0.64525
2026-09-16 00:00:00,0.0,-78.0,120.0,4.3420763,34.48922,-0.09125857,0.25971764,-0.6513513
2026-09-16 00:00:00,0.0,-78.0,122.0,4.5366883,34.156643,-0.13709642,0.25819957,-0.6676822
2026-09-16 00:00:00,0.0,-78.0,124.0,4.386095,34.167946,-0.12929097,0.38617238,-0.65795714
2026-09-16 00:00:00,0.0,-78.0,126.0,4.7165513,34.25409,-0.2411462,0.2819678,-0.64825535
2026-09-16 00:00:00,0.0,-78.0,128.0,4.492116,34.410835,-0.1968711,0.28228036,-0.6806425
2026-09-16 00:00:00,0.0,-78.0,130.0,4.3564277,34.12696,-0.27699116,0.35178998,-0.6666706
2026-09-16 00:00:00,0.0,-78.0,132.0,4.45725,34.205284,-0.22198188,0.34293756,-0.67619544
2026-09-16 00:00:00,0.0,-78.0,134.0,4.6041136,34.265633,-0.16968282,0.27583003,-0.6924409
2026-09-16 00:00:00,0.0,-78.0,136.0,4.4087825,34.051434,-0.18117939,0.2676094,-0.69943213
2026-09-16 00:00:00,0.0,-78.0,138.0,4.3570833,34.193707,-0.32782674,0.29460725,-0.7368547
2026-09-16 00:00:00,0.0,-78.0,140.0,4.570265,34.10738,-0.24960838,0.30928457,-0.7156738
2026-09-16 00:00:00,0.0,-78.0,142.0,4.570521,34.326458,-0.21927656,0.24173313,-0.7598175
2026-09-16 00:00:00,0.0,-78.0,144.0,4.420139,33.997208,-0.29057935,0.26546714,-0.7236509
2026-09-16 00:00:00,0.0,-78.0,146.0,4.4273195,34.078003,-0.26267108,0.32991424,-0.74381185
2026-09-16 00:00:00,0.0,-78.0,148.0,4.5679374,33.932808,-0.34256414,0.2233394,-0.72933
2026-09-16 00:00:00,0.0,-78.0,150.0,4.2319107,34.046143,-0.24597271,0.2894679,-0.7723666
2026-09-16 00:00:00,0.0,-78.0,152.0,4.2400346,33.923996,-0.2712166,0.21804996,-0.7407627
2026-09-16 00:00:00,0.0,-78.0,154.0,4.3778386,33.945633,-0.27774468,0.1381332,-0.73410714
2026-09-16 00:00:00,0.0,-78.0,156.0,4.478838,33.943935,-0.23261595,0.1799796,-0.7852192
2026-09-16 00:00:00,0.0,-78.0,158.0,4.583709,34.099125,-0.24229832,0.16882992,-0.811044
2026-09-16 00:00:00,0.0,-78.0,160.0,4.8165984,34.059006,-0.3361674,0.20852895,-0.80548096
2026-09-16 00:00:00,0.0,-78.0,162.0,4.6930594,33.86597,-0.26217508,0.18179293,-0.7838639
2026-09-16 00:00:00,0.0,-78.0,164.0,4.4895396,33.974716,-0.37612373,0.102385,-0.7895708
2026-09-16 00:00:00,0.0,-78.0,166.0,4.517724,33.809875,-0.35055292,0.118170165,-0.79873025
2026-09-16 00:00:00,0.0,-78.0,168.0,4.3210216,33.785053,-0.30351844,0.13040948,-0.7788868
2026-09-16 00:00:00,0.0,-78.0,170.0,4.5178246,33.734997,-0.22668783,0.15941088,-0.7987391
2026-09-16 00:00:00,0.0,-78.0,172.0,4.4637957,33.674026,-0.35665947,0.06571265,-0.77698827
2026-09-16 00:00:00,0.0,-78.0,174.0,4.586071,33.70577,-0.3239176,0.03208132,-0.8020302
2026-09-16 00:00:00,0.0,-78.0,176.0,4.356081,33.675846,-0.2583542,0.07958631,-0.79204077
2026-09-16 00:00:00,0.0,-78.0,178.0,4.6253967,33.56859,-0.23443061,-0.031694073,-0.787486
2026-09-16 00:00:00,0.0,-78.0,-180.0,4.828075,33.670387,-0.3169742,0.05351938,-0.82634807
2026-09-16 00:00:00,0.0,-76.0,-180.0,5.4853945,33.45843,-0.27872398,-0.063827015,-0.82708484
2026-09-16 00:00:00,0.0,-76.0,-178.0,5.5874887,33.53773,-0.24747352,-0.053207114,-0.81486833
2026-09-16 00:00:00,0.0,-76.0,-176.0,5.645175,33.765778,-0.22373971,-0.048502088,-0.7810346
2026-09-16 00:00:00,0.0,-76.0,-174.0,5.4269023,33.529503,-0.19056588,-0.10024526,-0.7652309
2026-09-16 00:00:00,0.0,-76.0,-172.0,5.5519648,33.579178,-0.2920778,-0.06272623,-0.7964939
2026-09-16 00:00:00,0.0,-76.0,-170.0,5.509665,33.48971,-0.2758572,-0.09826608,-0.7956195
2026-09-16 00:00:00,0.0,-76.0,-168.0,5.5266814,33.678272,-0.40806827,-0.085136585,-0.7659919
2026-09-16 00:00:00,0.0,-76.0,-166.0,5.3525443,33.500103,-0.23709579,-0.10498064,-0.7442092
2026-09-16 00:00:00,0.0,-76.0,-164.0,5.5120482,33.432514,-0.32642826,-0.18914254,-0.79869246
2026-09-16 00:00:00,0.0,-76.0,-162.0,5.606746,33.342655,-0.2901427,-0.13374679,-0.7807898
2026-09-16 00:00:00,0.0,-76.0,-160.0,5.797375,33.39037,-0.1540726,-0.15939397,-0.7433836
2026-09-16 00:00:00,0.0,-76.0,-158.0,5.6990004,33.166893,-0.2988609,-0.14426178,-0.77577555
2026-09-16 00:00:00,0.0,-76.0,-156.0,5.937783,33.139378,-0.2563819,-0.15985185,-0.76087534
2026-09-16 00:00:00,0.0,-76.0,-154.0,5.353677,33.211494,-0.2506199,-0.2538526,-0.73947835
2026-09-16 00:00:00,0.0,-76.0,-152.0,5.6816106,33.365036,-0.34904876,-0.22380172,-0.70978045
2026-09-16 00:00:00,0.0,-76.0,-150.0,5.5438147,33.295914,-0.3233454,-0.23927055,-0.7407063
2026-09-16 00:00:00,0.0,-76.0,-148.0,5.945107,33.326862,-0.24751842,-0.28258365,-0.7415458
2026-09-16 00:00:00,0.0,-76.0,-146.0,5.3454866,33.2454,-0.27719024,-0.16420588,-0.73831755
2026-09-16 00:00:00,0.0,-76.0,-144.0,5.339202,33.312557,-0.2672441,-0.21691367,-0.7192381
2026-09-16 00:00:00,0.0,-76.0,-142.0,5.387268,33.276157,-0.16897412,-0.22013466,-0.7480299
2026-09-16 00:00:00,0.0,-76.0,-140.0,5.0823674,33.095028,-0.17206772,-0.29204404,-0.7100233
2026-09-16 00:00:00,0.0,-76.0,-138.0,5.401995,33.0572,-0.16910423,-0.26359463,-0.68936425
2026-09-16 00:00:00,0.0,-76.0,-136.0,5.35532,33.05948,-0.21275549,-0.2671833,-0.69937783
2026-09-16 00:00:00,0.0,-76.0,-134.0,5.5372252,32.98297,-0.2286279,-0.23308708,-0.6537818
2026-09-16 00:00:00,0.0,-76.0,-132.0,5.5754976,33.01614,-0.1542304,-0.25630876,-0.6726208
2026-09-16 00:00:00,0.0,-76.0,-130.0,5.8823805,32.8503,-0.1007319,-0.30351007,-0.67399347
2026-09-16 00:00:00,0.0,-76.0,-128.0,5.6972313,32.96756,-0.24988686,-0.24349825,-0.64006805
2026-09-16 00:00:00,0.0,-76.0,-126.0,5.3917656,33.076004,-0.22850658,-0.2023417,-0.6258616
2026-09-16 00:00:00,0.0,-76.0,-124.0,5.3274636,32.967247,-0.17576654,-0.21725622,-0.66937333
2026-09-16 00:00:00,0.0,-76.0,-122.0,5.6055303,32.963432,-0.20147014,-0.26700667,-0.6550343
2026-09-16 00:00:00,0.0,-76.0,-120.0,5.2430997,32.9477,-0.16874345,-0.28982753,-0.6029671
2026-09-16 00:00:00,0.0,-76.0,-118.0,5.8734384,32.898174,-0.17669955,-0.19413503,-0.59834546
2026-09-16 00:00:00,0.0,-76.0,-116.0,5.7430344,33.03382,-0.18462156,-0.2612745,-0.6256257
2026-09-16 00:00:00,0.0,-76.0,-114.0,5.4133115,33.07684,-0.13528436,-0.3227693,-0.5767704
2026-09-16 00:00:00,0.0,-76.0,-112.0,5.1645193,33.12861,-0.0790628,-0.17734878,-0.60207427
2026-09-16 00:00:00,0.0,-76.0,-110.0,5.7779207,32.931858,-0.12328829,-0.16316056,-0.59756696
2026-09-16 00:00:00,0.0,-76.0,-108.0,5.4842386,32.924404,-0.030233221,-0.23634337,-0.568626
2026-09-16 00:00:00,0.0,-76.0,-106.0,5.7547097,32.687088,-0.12246407,-0.14232884,-0.55097353
2026-09-16 00:00:00,0.0,-76.0,-104.0,5.188261,32.894398,-0.023427213,-0.02744282,-0.5816753
2026-09-16 00:00:00,0.0,-76.0,-102.0,5.3872714,32.91048,-0.09224478,-0.15509745,-0.5431972
2026-09-16 00:00:00,0.0,-76.0,-100.0,5.508195,32.688103,-0.025265845,-0.05966806,-0.578859
2026-09-16 00:00:00,0.0,-76.0,-98.0,5.5165424,33.064774,-0.016065976,0.014188415,-0.51726925
2026-09-16 00:00:00,0.0,-76.0,-96.0,5.4171333,32.856457,0.0071140463,-0.059984002,-0.53194886
2026-09-16 00:00:00,0.0,-76.0,-94.0,5.6317163,32.988144,-0.109171495,-0.08507818,-0.48862058
2026-09-16 00:00:00,0.0,-76.0,-92.0,5.2936225,32.93551,-0.034669414,-0.034564,-0.5049395
2026-09-16 00:00:00,0.0,-76.0,-90.0,5.4786706,32.803543,-0.040605754,-0.0062381304,-0.47603664
2026-09-16 00:00:00,0.0,-76.0,-88.0,5.5312057,32.949852,0.05160351,-0.005381393,-0.43545026
2026-09-16 00:00:00,0.0,-76.0,-86.0,5.610034,32.667862,-0.02501898,0.065463826,-0.4518503
2026-09-16 00:00:00,0.0,-76.0,-84.0,5.6494694,32.856613,0.009399729,0.036321208,-0.43818557
2026-09-16 00:00:00,0.0,-76.0,-82.0,5.282218,32.86609,0.028922545,0.030694097,-0.43019018
2026-09-16 00:00:00,0.0,-76.0,-80.0,5.2003236,32.97421,0.058437347,0.13249569,-0.39866337
2026-09-16 00:00:00,0.0,-76.0,-78.0,5.762682,32.759033,0.1818504,-0.014271761,-0.40338796
2026-09-16 00:00:00,0.0,-76.0,-76.0,5.5736094,32.763184,0.0066443314,0.12658963,-0.397306
2026-09-16 00:00:00,0.0,-76.0,-74.0,5.357449,33.0209,0.12595785,0.16889162,-0.4180239
2026-09-16 00:00:00,0.0,-76.0,-72.0,5.8173766,33.0153,0.11442479,0.11140192,-0.38832358
2026-09-16 00:00:00,0.0,-76.0,-70.0,5.5302815,32.896328,0.07589158,0.046473872,-0.41777906
2026-09-16 00:00:00,0.0,-76.0,-68.0,5.7430058,32.895153,0.103360124,0.18954886,-0.33443856
2026-09-16 00:00:00,0.0,-76.0,-66.0,5.52065,33.002136,0.15501894,0.15444718,-0.3869159
2026-09-16 00:00:00,0.0,-76.0,-64.0,5.919296,33.180878,0.094658226,0.20962244,-0.3344015
2026-09-16 00:00:00,0.0,-76.0,-62.0,5.8582144,32.94809,0.112508595,0.12243834,-0.32856855
2026-09-16 00:00:00,0.0,-76.0,-60.0,5.4573536,32.920647,0.11384157,0.16843832,-0.36220595
2026-09-16 00:00:00,0.0,-76.0,-58.0,5.701461,33.030014,0.16323839,0.18277131,-0.36503848
2026-09-16 00:00:00,0.0,-76.0,-56.0,5.6362214,33.05302,0.206608,0.23854734,-0.30638552
2026-09-16 00:00:00,0.0,-76.0,-54.0,5.780873,33.060146,0.10758262,0.24872832,-0.29343274
2026-09-16 00:00:00,0.0,-76.0,-52.0,5.314162,33.178555,0.21766742,0.18697204,-0.29768494
2026-09-16 00:00:00,0.0,-76.0,-50.0,5.6443567,33.299168,0.15493745,0.23042263,-0.29425547
2026-09-16 00:00:00,0.0,-76.0,-48.0,5.7188315,33.28504,0.23219393,0.37829947,-0.30212545
2026-09-16 00:00:00,0.0,-76.0,-46.0,5.1553984,32.89886,0.13102555,0.11706313,-0.25599512
2026-09-16 00:00:00,0.0,-76.0,-44.0,5.270495,33.048683,0.22672598,0.27542397,-0.2888392
2026-09-16 00:00:00,0.0,-76.0,-42.0,5.0993,33.306313,0.19105713,0.17041132,-0.25144556
2026-09-16 00:00:00,0.0,-76.0,-40.0,5.453265,33.14864,0.19418494,0.21608444,-0.25873703
2026-09-16 00:00:00,0.0,-76.0,-38.0,5.650655,33.02448,0.28016707,0.22219062,-0.2576673
2026-09-16 00:00:00,0.0,-76.0,-36.0,5.8076177,33.11246,0.21478347,0.2870524,-0.23139146
2026-09-16 00:00:00,0.0,-76.0,-34.0,5.5219655,33.241634,0.13929711,0.1896149,-0.29215172
2026-09-16 00:00:00,0.0,-76.0,-32.0,5.8328695,33.138,0.30106297,0.28532684,-0.23657453
2026-09-16 00:00:00,0.0,-76.0,-30.0,5.2311263,33.234535,0.28580597,0.16665918,-0.22729425
2026-09-16 00:00:00,0.0,-76.0,-28.0,5.16647,33.301945,0.31159776,0.24388233,-0.23256432
2026-09-16 00:00:00,0.0,-76.0,-26.0,5.496037,33.26015,0.22756691,0.21330069,-0.20305893
2026-09-16 00:00:00,0.0,-76.0,-24.0,5.5839596,33.451725,0.21521978,0.15418518,-0.2344079
2026-09-16 00:00:00,0.0,-76.0,-22.0,5.5006075,33.59694,0.29894078,0.19041266,-0.18978524
2026-09-16 00:00:00,0.0,-76.0,-20.0,5.093658,33.47306,0.28127545,0.19415715,-0.2098007
2026-09-16 00:00:00,0.0,-76.0,-18.0,5.489322,33.374146,0.21885343,0.13422716,-0.2227935
2026-09-16 00:00:00,0.0,-76.0,-16.0,5.2462525,33.41027,0.36307323,0.12243618,-0.19717158
2026-09-16 00:00:00,0.0,-76.0,-14.0,5.641081,33.503315,0.23420615,0.12452802,-0.21333294
2026-09-16 00:00:00,0.0,-76.0,-12.0,5.5804663,33.44816,0.25441372,0.06030226,-0.19851653
2026-09-16 00:00:00,0.0,-76.0,-10.0,5.3191705,33.496456,0.32437012,0.006746017,-0.21162404
2026-09-16 00:00:00,0.0,-76.0,-8.0,5.404373,33.68166,0.32938957,0.18645273,-0.1829931
2026-09-16 00:00:00,0.0,-76.0,-6.0,5.295304,33.60253,0.26774317,-0.03794773,-0.18827766
2026-09-16 00:00:00,0.0,-76.0,-4.0,5.494611,33.667,0.25244632,0.08057023,-0.19401136
2026-09-16 00:00:00,0.0,-76.0,-2.0,5.698175,33.627056,0.397907,0.04911576,-0.15923919
2026-09-16 00:00:00,0.0,-76.0,0.0,5.3100014,33.735703,0.33913037,0.14297023,-0.18678997
2026-09-16 00:00:00,0.0,-76.0,2.0,5.607956,33.80198,0.17285593,0.08043925,-0.20950261
2026-09-16 00:00:00,0.0,-76.0,4.0,5.401095,33.753685,0.32725433,-0.055721935,-0.13905534
2026-09-16 00:00:00,0.0,-76.0,6.0,5.348572,33.746136,0.30346224,-0.026776956,-0.1790283
2026-09-16 00:00:00,0.0,-76.0,8.0,5.48574,33.739662,0.29876515,-0.095653765,-0.17354353
2026-09-16 00:00:00,0.0,-76.0,10.0,5.300098,33.80413,0.23654692,-0.12402316,-0.17007674
2026-09-16 00:00:00,0.0,-76.0,12.0,5.3964167,33.863308,0.23742189,-0.10460997,-0.21944329
2026-09-16 00:00:00,0.0,-76.0,14.0,5.267571,33.86222,0.2170692,-0.07786336,-0.1628046
2026-09-16 00:00:00,0.0,-76.0,16.0,5.9000916,33.699455,0.19066028,-0.117215306,-0.19303897
2026-09-16 00:00:00,0.0,-76.0,18.0,5.5141993,34.05781,0.2856027,-0.11626233,-0.19297123
2026-09-16 00:00:00,0.0,-76.0,20.0,5.3672013,33.97307,0.18618563,-0.09568674,-0.18806393
2026-09-16 00:00:00,0.0,-76.0,22.0,5.5499425,34.00355,0.28263235,-0.21116406,-0.19813359
2026-09-16 00:00:00,0.0,-76.0,24.0,5.4846807,34.198315,0.14240803,-0.21781425,-0.19744234
2026-09-16 00:00:00,0.0,-76.0,26.0,5.4629526,34.08102,0.2978218,-0.23577254,-0.20915914
2026-09-16 00:00:00,0.0,-76.0,28.0,5.6299796,33.98672,0.21685097,-0.09165927,-0.23765959
2026-09-16 00:00:00,0.0,-76.0,30.0,5.658648,33.943203,0.21423563,-0.19250798,-0.26280165
2026-09-16 00:00:00,0.0,-76.0,32.0,5.4010463,33.946564,0.27608782,-0.1935309,-0.23135866
2026-09-16 00:00:00,0.0,-76.0,34.0,5.3919826,34.29048,0.14650421,-0.2541138,-0.25404274
2026-09-16 00:00:00,0.0,-76.0,36.0,5.452136,33.920216,0.24494305,-0.2642988,-0.26079738
2026-09-16 00:00:00,0.0,-76.0,38.0,5.046762,34.228867,0.3232941,-0.21499655,-0.25833753
2026-09-16 00:00:00,0.0,-76.0,40.0,5.204108,34.14799,0.15594849,-0.23982303,-0.25104982
2026-09-16 00:00:00,0.0,-76.0,42.0,5.7805214,34.15315,0.25606796,-0.2425535,-0.28239253
2026-09-16 00:00:00,0.0,-76.0,44.0,5.83614,34.182774,0.23906618,-0.19986062,-0.27377525
2026-09-16 00:00:00,0.0,-76.0,46.0,5.4573393,34.210552,0.25429544,-0.36203095,-0.26452765
2026-09-16 00:00:00,0.0,-76.0,48.0,5.622458,34.28254,0.16713923,-0.29059157,-0.2899367
2026-09-16 00:00:00,0.0,-76.0,50.0,5.5693965,34.148518,0.20580083,-0.18735057,-0.24515991
2026-09-16 00:00:00,0.0,-76.0,52.0,6.1229224,34.312077,0.20625715,-0.19594342,-0.30439302
2026-09-16 00:00:00,0.0,-76.0,54.0,5.7310615,34.24098,0.11874695,-0.19525763,-0.27575067
2026-09-16 00:00:00,0.0,-76.0,56.0,5.481563,34.243633,0.18480921,-0.223178,-0.3520965
2026-09-16 00:00:00,0.0,-76.0,58.0,5.316038,34.298244,0.17463344,-0.1468318,-0.33815205
2026-09-16 00:00:00,0.0,-76.0,60.0,5.1858573,34.516747,0.17860119,-0.18857451,-0.317218
2026-09-16 00:00:00,0.0,-76.0,62.0,5.547839,34.31157,0.2262538,-0.24445352,-0.33369574
2026-09-16 00:00:00,0.0,-76.0,64.0,5.3558764,34.569527,0.12261699,-0.23696314,-0.36974102
2026-09-16 00:00:00,0.0,-76.0,66.0,5.222696,34.511074,0.08585866,-0.22041304,-0.3810101
2026-09-16 00:00:00,0.0,-76.0,68.0,5.377832,34.380924,0.12366095,-0.07489758,-0.39706936
2026-09-16 00:00:00,0.0,-76.0,70.0,5.290837,34.52777,0.034397826,-0.10342089,-0.36053127
2026-09-16 00:00:00,0.0,-76.0,72.0,5.844575,34.43668,0.10692709,-0.19662993,-0.4165539
2026-09-16 00:00:00,0.0,-76.0,74.0,5.6834745,34.582558,0.1161289,-0.14328177,-0.4096627
2026-09-16 00:00:00,0.0,-76.0,76.0,5.505552,34.43437,0.13109839,-0.119360745,-0.40949702
2026-09-16 00:00:00,0.0,-76.0,78.0,5.8031354,34.519318,0.038950477,-0.1202743,-0.41168353
2026-09-16 00:00:00,0.0,-76.0,80.0,5.52262,34.537876,-0.008335841,-0.06950872,-0.44266412
2026-09-16 00:00:00,0.0,-76.0,82.0,5.3348894,34.524235,0.0062567317,-0.0053140437,-0.45535582
2026-09-16 00:00:00,0.0,-76.0,84.0,5.8117714,34.6888,0.03729451,-0.06116665,-0.43833113
2026-09-16 00:00:00,0.0,-76.0,86.0,5.6149282,34.340466,0.008401371,-0.067246735,-0.4610484
2026-09-16 00:00:00,0.0,-76.0,88.0,5.2996974,34.4839,0.10245293,-0.034321442,-0.4797917
2026-09-16 00:00:00,0.0,-76.0,90.0,5.4690785,34.570847,-0.005691133,-0.05087132,-0.47671518
2026-09-16 00:00:00,0.0,-76.0,92.0,5.3320227,34.407753,0.024943195,0.04039219,-0.48940024
2026-09-16 00:00:00,0.0,-76.0,94.0,5.2305865,34.46348,-0.032437224,0.10136604,-0.5214111
2026-09-16 00:00:00,0.0,-76.0,96.0,5.692382,34.551254,-0.088600986,0.10152706,-0.5034723
2026-09-16 00:00:00,0.0,-76.0,98.0,5.8890295,34.559956,-0.11352928,0.093779035,-0.5361691
2026-09-16 00:00:00,0.0,-76.0,100.0,5.2274327,34.41469,-0.0324874,0.12008817,-0.5638294
2026-09-16 00:00:00,0.0,-76.0,102.0,5.6197405,34.52242,-0.054557733,0.08437879,-0.5491425
2026-09-16 00:00:00,0.0,-76.0,104.0,5.377018,34.60587,-0.14437474,0.20320123,-0.5402354
2026-09-16 00:00:00,0.0,-76.0,106.0,5.4097214,34.37267,0.014830332,0.092930354,-0.52963233
2026-09-16 00:00:00,0.0,-76.0,108.0,5.3886676,34.347954,-0.047997925,0.06891939,-0.56616634
2026-09-16 00:00:00,0.0,-76.0,110.0,5.334348,34.508823,-0.111631796,0.19919592,-0.59623903
2026-09-16 00:00:00,0.0,-76.0,112.0,5.516851,34.206768,-0.14453736,0.2641762,-0.59220207
2026-09-16 00:00:00,0.0,-76.0,114.0,5.340956,34.420483,-0.11378722,0.25709358,-0.6179791
2026-09-16 00:00:00,0.0,-76.0,116.0,5.561238,34.35034,-0.08762744,0.16449334,-0.60623896
2026-09-16 00:00:00,0.0,-76.0,118.0,5.497099,34.34822,-0.15693426,0.21902247,-0.61686534
2026-09-16 00:00:00,0.0,-76.0,120.0,5.459357,34.29017,-0.18275131,0.23617394,-0.6725561
2026-09-16 00:00:00,0.0,-76.0,122.0,5.3256335,34.11484,-0.1981515,0.2806793,-0.63982916
2026-09-16 00:00:00,0.0,-76.0,124.0,5.3917923,34.432194,-0.1404485,0.17696136,-0.65368605
2026-09-16 00:00:00,0.0,-76.0,126.0,5.6582246,34.26366,-0.17562337,0.26162103,-0.6779645
2026-09-16 00:00:00,0.0,-76.0,128.0,5.60733,34.308544,-0.21336634,0.24958305,-0.6746431
2026-09-16 00:00:00,0.0,-76.0,130.0,5.3116355,34.275063,-0.1801746,0.18120351,-0.65583616
2026-09-16 00:00:00,0.0,-76.0,132.0,5.527013,34.270683,-0.21302593,0.22315092,-0.6642932
2026-09-16 00:00:00,0.0,-76.0,134.0,5.657424,34.227047,-0.16224112,0.22739954,-0.7017554
2026-09-16 00:00:00,0.0,-76.0,136.0,5.1732655,34.31424,-0.20792161,0.26539886,-0.6958904
2026-09-16 00:00:00,0.0,-76.0,138.0,5.6158185,34.112072,-0.16746119,0.27630797,-0.7130512
2026-09-16 00:00:00,0.0,-76.0,140.0,5.374622,34.15608,-0.21004494,0.3793876,-0.70752054
2026-09-16 00:00:00,0.0,-76.0,142.0,5.6212664,34.052017,-0.28094232,0.16518433,-0.7197359
2026-09-16 00:00:00,0.0,-76.0,144.0,5.3544946,34.129265,-0.26212648,0.25273463,-0.73373395
2026-09-16 00:00:00,0.0,-76.0,146.0,5.14617,34.061924,-0.130384,0.23146355,-0.7368934
2026-09-16 00:00:00,0.0,-76.0,148.0,5.181638,34.104584,-0.29611307,0.24101466,-0.76042306
2026-09-16 00:00:00,0.0,-76.0,150.0,5.516763,34.130943,-0.25455445,0.2578203,-0.73818624
2026-09-16 00:00:00,0.0,-76.0,152.0,5.559091,33.99291,-0.29536736,0.43314976,-0.74091685
2026-09-16 00:00:00,0.0,-76.0,154.0,5.326283,33.944523,-0.30908042,0.19495672,-0.76964545
2026-09-16 00:00:00,0.0,-76.0,156.0,5.634865,33.902176,-0.35231107,0.19381583,-0.7378159
2026-09-16 00:00:00,0.0,-76.0,158.0,5.1748424,34.162468,-0.24576735,0.18113393,-0.7535764
2026-09-16 00:00:00,0.0,-76.0,160.0,5.4939303,33.837788,-0.23321007,0.1730126,-0.77523017
2026-09-16 00:00:00,0.0,-76.0,162.0,5.264943,33.81166,-0.2984614,0.15371276,-0.75757176
2026-09-16 00:00:00,0.0,-76.0,164.0,5.376779,33.84032,-0.29708076,0.13943884,-0.7636917
2026-09-16 00:00:00,0.0,-76.0,166.0,5.5166264,33.795277,-0.3104086,0.11371316,-0.77650404
2026-09-16 00:00:00,0.0,-76.0,168.0,5.335064,33.846645,-0.34449616,0.12514499,-0.7755201
2026-09-16 00:00:00,0.0,-76.0,170.0,5.4302354,33.743633,-0.3141818,0.067369394,-0.8250246
2026-09-16 00:00:00,0.0,-76.0,172.0,5.708405,33.744698,-0.2709571,0.033282258,-0.7991351
2026-09-16 00:00:00,0.0,-76.0,174.0,5.391768,33.778694,-0.15091912,0.032688912,-0.75006956
2026-09-16 00:00:00,0.0,-76.0,176.0,5.674285,33.864662,-0.38694254,0.0016581768,-0.7784251
2026-09-16 00:00:00,0.0,-76.0,178.0,5.281205,33.5833,-0.22147463,-0.07242706,-0.82919985
2026-09-16 00:00:00,0.0,-76.0,-180.0,5.613107,33.58128,-0.27269715,-0.019019164,-0.7694732
2026-09-16 00:00:00,0.0,-74.0,-180.0,6.772826,33.77131,-0.29686746,-0.0038277332,-0.78414017
2026-09-16 00:00:00,0.0,-74.0,-178.0,5.990184,33.520252,-0.30406094,-0.020672427,-0.7719886
2026-09-16 00:00:00,0.0,-74.0,-176.0,6.325134,33.656185,-0.30370542,-0.097667225,-0.7749105
2026-09-16 00:00:00,0.0,-74.0,-174.0,6.599927,33.65979,-0.2870781,-0.076571964,-0.7771628
2026-09-16 00:00:00,0.0,-74.0,-172.0,6.4439034,33.673027,-0.27820465,-0.090761244,-0.7637448
2026-09-16 00:00:00,0.0,-74.0,-170.0,6.5587416,33.54601,-0.2729259,-0.057047084,-0.75610906
2026-09-16 00:00:00,0.0,-74.0,-168.0,6.3637156,33.428528,-0.18502653,-0.086676896,-0.77143914
2026-09-16 00:00:00,0.0,-74.0,-166.0,6.5018306,33.294888,-0.27238107,-0.0979472,-0.7793233
2026-09-16 00:00:00,0.0,-74.0,-164.0,6.4533772,33.47558,-0.31769708,-0.12156416,-0.76588035
2026-09-16 00:00:00,0.0,-74.0,-162.0,6.718069,33.30895,-0.2978655,-0.21686885,-0.7673139
2026-09-16 00:00:00,0.0,-74.0,-160.0,6.5353966,33.34597,-0.27835453,-0.120909326,-0.75920427
2026-09-16 00:00:00,0.0,-74.0,-158.0,6.552033,33.328594,-0.23503953,-0.22834972,-0.79865235
2026-09-16 00:00:00,0.0,-74.0,-156.0,6.4021373,33.3987,-0.3132254,-0.18393536,-0.75405747
2026-09-16 00:00:00,0.0,-74.0,-154.0,6.3869915,33.484524,-0.29714048,-0.17845961,-0.79790634
2026-09-16 00:00:00,0.0,-74.0,-152.0,6.398001,33.39317,-0.21674956,-0.24955289,-0.7208675
2026-09-16 00:00:00,0.0,-74.0,-150.0,6.563403,33.413597,-0.26790673,-0.15021344,-0.76767784
2026-09-16 00:00:00,0.0,-74.0,-148.0,6.4003158,33.07147,-0.18091464,-0.2535024,-0.7901243
2026-09-16 00:00:00,0.0,-74.0,-146.0,6.5424676,33.33044,-0.25586817,-0.1715559,-0.7249561
2026-09-16 00:00:00,0.0,-74.0,-144.0,6.899593,33.251907,-0.26070562,-0.19779421,-0.702272
2026-09-16 00:00:00,0.0,-74.0,-142.0,6.6587377,33.281536,-0.2571528,-0.19909042,-0.72634387
2026-09-16 00:00:00,0.0,-74.0,-140.0,6.4193077,33.19885,-0.25298855,-0.26488596,-0.75366694
2026-09-16 00:00:00,0.0,-74.0,-138.0,6.7247553,33.28263,-0.101677306,-0.3106864,-0.6889226
2026-09-16 00:00:00,0.0,-74.0,-136.0,6.4028974,33.261917,-0.19549595,-0.30686504,-0.70494384
2026-09-16 00:00:00,0.0,-74.0,-134.0,6.0768876,33.16121,-0.21492356,-0.253314,-0.71417546
2026-09-16 00:00:00,0.0,-74.0,-132.0,6.2828956,33.250977,-0.18010277,-0.320094,-0.67077786
2026-09-16 00:00:00,0.0,-74.0,-130.0,6.1103544,33.061375,-0.16271806,-0.15855153,-0.67292035
2026-09-16 00:00:00,0.0,-74.0,-128.0,6.41421,32.912296,-0.16001527,-0.20550069,-0.6669013
2026-09-16 00:00:00,0.0,-74.0,-126.0,6.4881964,33.09197,-0.15337312,-0.28406906,-0.62887263
2026-09-16 00:00:00,0.0,-74.0,-124.0,6.8198,33.01525,-0.19381852,-0.17698294,-0.6505165
2026-09-16 00:00:00,0.0,-74.0,-122.0,6.549898,32.95308,-0.006116915,-0.23732182,-0.60890096
2026-09-16 00:00:00,0.0,-74.0,-120.0,6.4406924,33.08217,-0.1495141,-0.24022228,-0.6380682
2026-09-16 00:00:00,0.0,-74.0,-118.0,6.650394,32.996296,-0.17854159,-0.19804269,-0.61652607
2026-09-16 00:00:00,0.0,-74.0,-116.0,6.0422854,33.051388,-0.11171721,-0.20269588,-0.6084409
2026-09-16 00:00:00,0.0,-74.0,-114.0,6.5316358,32.94931,-0.13908288,-0.22159612,-0.57432175
2026-09-16 00:00:00,0.0,-74.0,-112.0,6.6386857,32.964165,-0.096508026,-0.12524346,-0.5961516
2026-09-16 00:00:00,0.0,-74.0,-110.0,6.1887956,32.839176,-0.043853935,-0.2821256,-0.57297415
2026-09-16 00:00:00,0.0,-74.0,-108.0,6.7132635,32.978027,-0.12295578,-0.14768028,-0.58006555
2026-09-16 00:00:00,0.0,-74.0,-106.0,6.5522118,32.891182,-0.14079167,-0.19787833,-0.52913517
2026-09-16 00:00:00,0.0,-74.0,-104.0,6.401455,33.140057,0.02121386,-0.16750906,-0.55777
2026-09-16 00:00:00,0.0,-74.0,-102.0,6.611069,32.884563,-0.09763592,-0.14523512,-0.5572568
2026-09-16 00:00:00,0.0,-74.0,-100.0,6.938651,32.876137,-0.057105657,-0.06976571,-0.55192477
2026-09-16 00:00:00,0.0,-74.0,-98.0,6.520886,32.956898,-0.007247106,0.007335001,-0.49384487
2026-09-16 00:00:00,0.0,-74.0,-96.0,6.534157,32.96817,-0.081307724,-0.0668429,-0.51553726
2026-09-16 00:00:00,0.0,-74.0,-94.0,6.3926406,33.09876,-0.06755297,-0.008395741,-0.4842435
2026-09-16 00:00:00,0.0,-74.0,-92.0,6.3145437,32.709473,0.035470806,-0.02034942,-0.46924484
2026-09-16 00:00:00,0.0,-74.0,-90.0,6.65058,32.905373,0.020389514,-0.0089472,-0.5063729
2026-09-16 00:00:00,0.0,-74.0,-88.0,6.313296,32.911785,0.06680138,0.032370094,-0.4677559
2026-09-16 00:00:00,0.0,-74.0,-86.0,6.498826,32.949368,-0.022024153,0.032481186,-0.44806403
2026-09-16 00:00:00,0.0,-74.0,-84.0,6.3889813,32.962944,0.12206089,0.081178226,-0.43045816
2026-09-16 00:00:00,0.0,-74.0,-82.0,6.5803084,32.716663,0.094600454,0.05148493,-0.46088064
2026-09-16 00:00:00,0.0,-74.0,-80.0,6.551245,32.937984,0.100344755,0.16058682,-0.44535294
2026-09-16 00:00:00,0.0,-74.0,-78.0,6.6920204,32.905323,-0.02577544,0.053625494,-0.41600844
2026-09-16 00:00:00,0.0,-74.0,-76.0,6.382509,32.97411,0.053648945,0.21302557,-0.42762935
2026-09-16 00:00:00,0.0,-74.0,-74.0,6.4305377,32.98669,0.07911073,0.07372996,-0.4240353
2026-09-16 00:00:00,0.0,-74.0,-72.0,6.2887597,32.908546,0.08825259,0.12204165,-0.37621227
2026-09-16 00:00:00,0.0,-74.0,-70.0,6.395654,32.86643,0.021791615,0.16846079,-0.37062
2026-09-16 00:00:00,0.0,-74.0,-68.0,6.559973,32.9892,0.11497907,0.22391929,-0.34167552
2026-09-16 00:00:00,0.0,-74.0,-66.0,6.6359105,32.962948,0.06882625,0.25564075,-0.33732378
2026-09-16 00:00:00,0.0,-74.0,-64.0,6.3000793,32.975426,0.07981854,0.31578168,-0.37636763
2026-09-16 00:00:00,0.0,-74.0,-62.0,6.658434,33.112568,0.06585208,0.37243614,-0.30357698
2026-09-16 00:00:00,0.0,-74.0,-60.0,6.75564,33.05927,0.05305765,0.2409649,-0.29180336
2026-09-16 00:00:00,0.0,-74.0,-58.0,6.5671997,33.122578,0.033424757,0.28955737,-0.33174103
2026-09-16 00:00:00,0.0,-74.0,-56.0,6.859872,32.81832,0.109237574,0.2507138,-0.3302417
2026-09-16 00:00:00,0.0,-74.0,-54.0,6.329755,32.93721,0.22948663,0.22083743,-0.28994188
2026-09-16 00:00:00,0.0,-74.0,-52.0,6.235582,33.051594,0.10597293,0.22396289,-0.2980025
2026-09-16 00:00:00,0.0,-74.0,-50.0,6.1287684,33.28391,0.19119617,0.28465113,-0.3185122
2026-09-16 00:00:00,0.0,-74.0,-48.0,6.7837214,32.939888,0.19855812,0.2559382,-0.25228843
2026-09-16 00:00:00,0.0,-74.0,-46.0,6.6153855,33.18666,0.13986632,0.14818947,-0.28603694
2026-09-16 00:00:00,0.0,-74.0,-44.0,6.473396,33.02796,0.18740734,0.18587215,-0.30263108
2026-09-16 00:00:00,0.0,-74.0,-42.0,6.5405064,33.24282,0.23602228,0.21352156,-0.25376147
2026-09-16 00:00:00,0.0,-74.0,-40.0,6.2594147,33.23425,0.18812881,0.21035677,-0.25345352
2026-09-16 00:00:00,0.0,-74.0,-38.0,6.973663,33.308823,0.23132442,0.18706068,-0.23611873
2026-09-16 00:00:00,0.0,-74.0,-36.0,6.510357,33.317368,0.1924795,0.23693544,-0.2329633
2026-09-16 00:00:00,0.0,-74.0,-34.0,6.5063915,33.183704,0.19933695,0.23509969,-0.23858443
2026-09-16 00:00:00,0.0,-74.0,-32.0,6.629666,33.228394,0.30628327,0.17700753,-0.22749615
2026-09-16 00:00:00,0.0,-74.0,-30.0,6.5807147,33.264923,0.24685308,0.20209333,-0.23163833
2026-09-16 00:00:00,0.0,-74.0,-28.0,6.5292892,33.315895,0.2890842,0.10395018,-0.21788304
2026-09-16 00:00:00,0.0,-74.0,-26.0,6.326418,33.428215,0.15734264,0.25233695,-0.23779932
2026-09-16 00:00:00,0.0,-74.0,-24.0,6.5788064,33.470116,0.15246734,0.15791507,-0.21312271
2026-09-16 00:00:00,0.0,-74.0,-22.0,6.8609176,33.321663,0.26808086,0.17912476,-0.2243567
2026-09-16 00:00:00,0.0,-74.0,-20.0,6.753597,33.55543,0.2262184,0.14073797,-0.17441313
2026-09-16 00:00:00,0.0,-74.0,-18.0,6.80315,33.518948,0.22577769,0.2029476,-0.17160587
2026-09-16 00:00:00,0.0,-74.0,-16.0,6.3822694,33.681286,0.2915074,0.17943916,-0.16771632
2026-09-16 00:00:00,0.0,-74.0,-14.0,6.2865915,33.442524,0.33281493,0.19051526,-0.19850172
2026-09-16 00:00:00,0.0,-74.0,-12.0,6.4593554,33.35999,0.27732682,0.06697326,-0.17637014
2026-09-16 00:00:00,0.0,-74.0,-10.0,6.4956574,33.550293,0.21988966,0.090060696,-0.18774863
2026-09-16 00:00:00,0.0,-74.0,-8.0,6.703351,33.624203,0.26172692,0.05425138,-0.19920753
2026-09-16 00:00:00,0.0,-74.0,-6.0,6.14602,33.573803,0.33865875,0.016728085,-0.20139258
2026-09-16 00:00:00,0.0,-74.0,-4.0,6.790423,33.581245,0.21179375,0.002739127,-0.16880924
2026-09-16 00:00:00,0.0,-74.0,-2.0,6.452911,33.581234,0.20353258,-0.021841235,-0.18137804
2026-09-16 00:00:00,0.0,-74.0,0.0,6.3991365,33.57319,0.20573579,-0.036927775,-0.17277528
2026-09-16 00:00:00,0.0,-74.0,2.0,6.2820916,33.633495,0.25169942,-0.002842511,-0.1935782
2026-09-16 00:00:00,0.0,-74.0,4.0,6.153541,33.86322,0.24415843,0.014172011,-0.21234445
2026-09-16 00:00:00,0.0,-74.0,6.0,6.6491466,34.033237,0.2625939,0.008444842,-0.21213806
2026-09-16 00:00:00,0.0,-74.0,8.0,6.499176,33.90048,0.3466642,-0.030820677,-0.16853644
2026-09-16 00:00:00,0.0,-74.0,10.0,6.2265205,34.003983,0.2894971,-0.038270794,-0.18590991
2026-09-16 00:00:00,0.0,-74.0,12.0,6.225497,33.811188,0.27794155,-0.073582865,-0.17932253
2026-09-16 00:00:00,0.0,-74.0,14.0,6.4173555,34.070103,0.2701711,-0.17419316,-0.19332582
2026-09-16 00:00:00,0.0,-74.0,16.0,6.818317,33.831654,0.26778993,-0.1917996,-0.16680159
2026-09-16 00:00:00,0.0,-74.0,18.0,6.4325943,34.044716,0.2480841,-0.0730789,-0.18952581
2026-09-16 00:00:00,0.0,-74.0,20.0,6.183884,33.87843,0.19560824,-0.18931113,-0.18249615
2026-09-16 00:00:00,0.0,-74.0,22.0,6.4353642,34.020058,0.17125136,-0.15250546,-0.19531552
2026-09-16 00:00:00,0.0,-74.0,24.0,6.429968,34.011604,0.28422564,-0.23206052,-0.21552536
2026-09-16 00:00:00,0.0,-74.0,26.0,5.945135,34.23931,0.22935693,-0.24792707,-0.24445066
2026-09-16 00:00:00,0.0,-74.0,28.0,6.473654,34.351273,0.25904694,-0.22543795,-0.239326
2026-09-16 00:00:00,0.0,-74.0,30.0,6.438326,34.031322,0.21300209,-0.1872606,-0.22963431
2026-09-16 00:00:00,0.0,-74.0,32.0,6.623754,33.935104,0.3545925,-0.18968926,-0.24372329
2026-09-16 00:00:00,0.0,-74.0,34.0,6.854304,34.36219,0.21348727,-0.2499682,-0.20405401
2026-09-16 00:00:00,0.0,-74.0,36.0,6.7098255,34.2264,0.26824963,-0.24957938,-0.24017127
2026-09-16 00:00:00,0.0,-74.0,38.0,6.430735,34.29866,0.14988771,-0.28893572,-0.24818769
2026-09-16 00:00:00,0.0,-74.0,40.0,6.2632074,34.148876,0.19846967,-0.12309102,-0.23095635
2026-09-16 00:00:00,0.0,-74.0,42.0,6.9991846,34.00075,0.20523462,-0.2390469,-0.27759135
2026-09-16 00:00:00,0.0,-74.0,44.0,6.4963565,34.250782,0.18785986,-0.31525123,-0.2896378
2026-09-16 00:00:00,0.0,-74.0,46.0,6.4872985,34.458946,0.2435658,-0.2874352,-0.24997494
2026-09-16 00:00:00,0.0,-74.0,48.0,6.4796877,34.308086,0.1706034,-0.28354958,-0.29824337
2026-09-16 00:00:00,0.0,-74.0,50.0,6.5241294,34.285397,0.18443622,-0.22237939,-0.33876693
2026-09-16 00:00:00,0.0,-74.0,52.0,6.4556403,34.498528,0.21662594,-0.2883788,-0.28826007
2026-09-16 00:00:00,0.0,-74.0,54.0,6.36978,34.307743,0.11838649,-0.19475295,-0.3130076
2026-09-16 00:00:00,0.0,-74.0,56.0,6.3751407,34.357037,0.14364657,-0.23294055,-0.31872246
2026-09-16 00:00:00,0.0,-74.0,58.0,6.477962,34.27936,0.10426052,-0.30778423,-0.33938318
2026-09-16 00:00:00,0.0,-74.0,60.0,6.375828,34.267357,0.21629807,-0.28826,-0.33256814
2026-09-16 00:00:00,0.0,-74.0,62.0,6.3419433,34.431904,0.1447695,-0.17508216,-0.35068658
2026-09-16 00:00:00,0.0,-74.0,64.0,6.505799,34.366684,0.14430521,-0.18725444,-0.3832458
2026-09-16 00:00:00,0.0,-74.0,66.0,6.433517,34.432167,0.122185074,-0.20138024,-0.38652793
2026-09-16 00:00:00,0.0,-74.0,68.0,6.785311,34.53649,0.16744639,-0.18125737,-0.3798842
2026-09-16 00:00:00,0.0,-74.0,70.0,5.9543185,34.375862,0.16139139,-0.13173102,-0.35857156
2026-09-16 00:00:00,0.0,-74.0,72.0,6.702814,34.439297,0.16238569,-0.13818759,-0.4035249
2026-09-16 00:00:00,0.0,-74.0,74.0,6.73373,34.56123,0.097593434,-0.10349148,-0.4012403
2026-09-16 00:00:00,0.0,-74.0,76.0,6.0698347,34.4567,0.023683932,-0.16363926,-0.4051178
2026-09-16 00:00:00,0.0,-74.0,78.0,6.415975,34.601967,0.12985426,-0.06518513,-0.3962697
2026-09-16 00:00:00,0.0,-74.0,80.0,6.4102244,34.572414,-0.004918715,0.017062157,-0.45294496
2026-09-16 00:00:00,0.0,-74.0,82.0,6.20301,34.441494,0.05079195,-0.12294925,-0.4372961
2026-09-16 00:00:00,0.0,-74.0,84.0,6.3289495,34.717747,-0.02429987,-0.08673453,-0.43521428
2026-09-16 00:00:00,0.0,-74.0,86.0,6.2623973,34.386612,0.013115653,-0.07159124,-0.4906802
2026-09-16 00:00:00,0.0,-74.0,88.0,6.8349667,34.5755,-0.028520918,-0.0738903,-0.48933473
2026-09-16 00:00:00,0.0,-74.0,90.0,6.6716485,34.728565,-0.040904287,0.017010171,-0.48716667
2026-09-16 00:00:00,0.0,-74.0,92.0,6.7388234,34.58607,0.0061016055,0.022205373,-0.49956572
2026-09-16 00:00:00,0.0,-74.0,94.0,6.628847,34.499607,0.04705237,0.06263059,-0.5270516
2026-09-16 00:00:00,0.0,-74.0,96.0,6.2587023,34.569775,0.015420306,0.03757393,-0.5199651
2026-09-16 00:00:00,0.0,-74.0,98.0,6.3796086,34.435783,-0.023121728,0.050875485,-0.5148983
2026-09-16 00:00:00,0.0,-74.0,100.0,6.5823874,34.382153,0.032670837,0.0027040017,-0.52025276
2026-09-16 00:00:00,0.0,-74.0,102.0,6.240087,34.413418,0.051235355,0.13926859,-0.5483568
2026-09-16 00:00:00,0.0,-74.0,104.0,6.6271124,34.446186,-0.034616865,0.1129249,-0.555805
2026-09-16 00:00:00,0.0,-74.0,106.0,6.4364476,34.53309,-0.09941836,0.15999454,-0.52780396
2026-09-16 00:00:00,0.0,-74.0,108.0,6.4095483,34.65223,-0.08315662,0.12554508,-0.5909195
2026-09-16 00:00:00,0.0,-74.0,110.0,6.6267047,34.24855,-0.11136762,0.21517701,-0.5968767
2026-09-16 00:00:00,0.0,-74.0,112.0,6.573365,34.567677,-0.10479268,0.14087525,-0.56071585
2026-09-16 00:00:00,0.0,-74.0,114.0,6.412319,34.56226,-0.14405517,0.20520298,-0.5724099
2026-09-16 00:00:00,0.0,-74.0,116.0,6.7163787,34.496296,-0.12591252,0.15182912,-0.60473657
2026-09-16 00:00:00,0.0,-74.0,118.0,6.2683,34.41577,-0.117839,0.24207295,-0.630144
2026-09-16 00:00:00,0.0,-74.0,120.0,6.6077,34.300392,-0.097177505,0.3128867,-0.59644306
2026-09-16 00:00:00,0.0,-74.0,122.0,6.6031327,34.387737,-0.15395984,0.17992847,-0.62812316
2026-09-16 00:00:00,0.0,-74.0,124.0,6.422603,34.487354,-0.17202969,0.22393908,-0.6424341
2026-09-16 00:00:00,0.0,-74.0,126.0,6.5497394,34.29794,-0.18285067,0.20453718,-0.6382132
2026-09-16 00:00:00,0.0,-74.0,128.0,6.23429,34.403004,-0.12045201,0.17756408,-0.70161074
2026-09-16 00:00:00,0.0,-74.0,130.0,6.669318,34.175327,-0.13098994,0.2901601,-0.6842099
2026-09-16 00:00:00,0.0,-74.0,132.0,6.447532,34.159336,-0.1881019,0.17041977,-0.6695792
2026-09-16 00:00:00,0.0,-74.0,134.0,6.379968,34.248886,-0.1647155,0.24970818,-0.6772136
2026-09-16 00:00:00,0.0,-74.0,136.0,6.6943145,34.1689,-0.16999087,0.2766488,-0.6687588
2026-09-16 00:00:00,0.0,-74.0,138.0,6.3436437,34.17302,-0.16545345,0.296714,-0.67632186
2026-09-16 00:00:00,0.0,-74.0,140.0,6.2028203,34.177036,-0.25329208,0.25248295,-0.69093984
2026-09-16 00:00:00,0.0,-74.0,142.0,6.173187,34.51452,-0.1661488,0.09993646,-0.7035826
2026-09-16 00:00:00,0.0,-74.0,144.0,6.605715,34.21372,-0.18708119,0.29330763,-0.76039755
2026-09-16 00:00:00,0.0,-74.0,146.0,6.228427,34.251823,-0.21952099,0.24851583,-0.7455055
2026-09-16 00:00:00,0.0,-74.0,148.0,6.8354716,34.15199,-0.18889163,0.2730692,-0.73316264
2026-09-16 00:00:00,0.0,-74.0,150.0,6.0681267,34.018795,-0.123670466,0.15452267,-0.7322547
2026-09-16 00:00:00,0.0,-74.0,152.0,6.823804,34.292995,-0.2483115,0.101751156,-0.757578
2026-09-16 00:00:00,0.0,-74.0,154.0,6.526716,34.07441,-0.31140292,0.24684693,-0.73726785
2026-09-16 00:00:00,0.0,-74.0,156.0,6.46517,34.1157,-0.24028982,0.17340031,-0.74359095
2026-09-16 00:00:00,0.0,-74.0,158.0,6.375529,33.901997,-0.19676998,0.1909252,-0.73528636
2026-09-16 00:00:00,0.0,-74.0,160.0,6.5643396,34.039696,-0.26423427,0.17113103,-0.7761928
2026-09-16 00:00:00,0.0,-74.0,162.0,6.4769855,33.952244,-0.24428333,0.15762027,-0.7399984
2026-09-16 00:00:00,0.0,-74.0,164.0,6.705173,33.9444,-0.23948775,0.17494965,-0.73023677
2026-09-16 00:00:00,0.0,-74.0,166.0,6.507358,33.91013,-0.21467508,0.10441729,-0.78543687
2026-09-16 00:00:00,0.0,-74.0,168.0,6.514573,33.844936,-0.26069906,0.057502,-0.78520876
2026-09-16 00:00:00,0.0,-74.0,170.0,6.4117904,33.93004,-0.19436178,0.092776455,-0.76134866
2026-09-16 00:00:00,0.0,-74.0,172.0,6.4731236,33.839264,-0.26269776,0.030002857,-0.76446295
2026-09-16 00:00:00,0.0,-74.0,174.0,6.546073,33.642097,-0.2382256,0.10421472,-0.78553736
2026-09-16 00:00:00,0.0,-74.0,176.0,6.142479,33.7314,-0.1902477,0.041498512,-0.7787791
2026-09-16 00:00:00,0.0,-74.0,178.0,6.2148757,33.908325,-0.18024601,-0.027640393,-0.75183356
2026-09-16 00:00:00,0.0,-74.0,-180.0,6.6331654,33.60908,-0.3707065,-0.00081780175,-0.77237284
2026-09-16 00:00:00,0.0,-72.0,-180.0,7.486649,33.73569,-0.27677262,-0.014150224,-0.76551723
2026-09-16 00:00:00,0.0,-72.0,-178.0,7.415679,33.856033,-0.2477169,-0.056313194,-0.7336428
2026-09-16 00:00:00,0.0,-72.0,-176.0,7.4561625,33.492268,-0.39154837,-0.013763766,-0.7549503
2026-09-16 00:00:00,0.0,-72.0,-174.0,7.521992,33.730415,-0.29269525,-0.065007605,-0.74089473
2026-09-16 00:00:00,0.0,-72.0,-172.0,7.344524,33.799152,-0.2534884,-0.089306764,-0.76743853
2026-09-16 00:00:00,0.0,-72.0,-170.0,7.296815,33.76343,-0.2230086,-0.0419098,-0.7492593
2026-09-16 00:00:00,0.0,-72.0,-168.0,7.491645,33.665833,-0.24206758,-0.1372751,-0.80392134
2026-09-16 00:00:00,0.0,-72.0,-166.0,7.256801,33.521057,-0.2203069,-0.1574709,-0.74716806
2026-09-16 00:00:00,0.0,-72.0,-164.0,7.5341263,33.567646,-0.18906544,-0.11055757,-0.7535329
2026-09-16 00:00:00,0.0,-72.0,-162.0,7.111959,33.494637,-0.2279756,-0.12825325,-0.8006003
2026-09-16 00:00:00,0.0,-72.0,-160.0,7.658307,33.491787,-0.22382064,-0.14306544,-0.76227254
2026-09-16 00:00:00,0.0,-72.0,-158.0,7.546995,33.263184,-0.26756427,-0.052374974,-0.76924694
2026-09-16 00:00:00,0.0,-72.0,-156.0,7.5036817,33.59609,-0.19668508,-0.21881235,-0.7494446
2026-09-16 00:00:00,0.0,-72.0,-154.0,7.649014,33.575497,-0.21243335,-0.19242541,-0.73302317
2026-09-16 00:00:00,0.0,-72.0,-152.0,7.7855706,33.272343,-0.24239199,-0.19714741,-0.75389504
2026-09-16 00:00:00,0.0,-72.0,-150.0,7.6553497,33.293438,-0.19130488,-0.11838346,-0.7102928
2026-09-16 00:00:00,0.0,-72.0,-148.0,7.084301,33.55287,-0.18099609,-0.19080243,-0.71547085
2026-09-16 00:00:00,0.0,-72.0,-146.0,7.1965604,33.351387,-0.09770511,-0.20329714,-0.7538188
2026-09-16 00:00:00,0.0,-72.0,-144.0,7.3275123,33.3214,-0.24619573,-0.2824237,-0.7222684
2026-09-16 00:00:00,0.0,-72.0,-142.0,7.457694,33.321716,-0.19780366,-0.2602601,-0.6806151
2026-09-16 00:00:00,0.0,-72.0,-140.0,7.556008,33.297,-0.186855,-0.28199416,-0.7200321
2026-09-16 00:00:00,0.0,-72.0,-138.0,7.3073273,33.251568,-0.12575719,-0.21073592,-0.6765914
2026-09-16 00:00:00,0.0,-72.0,-136.0,7.489829,33.34939,-0.12320985,-0.24340773,-0.69553614
2026-09-16 00:00:00,0.0,-72.0,-134.0,7.301399,33.245888,-0.19825897,-0.2858892,-0.64771605
2026-09-16 00:00:00,0.0,-72.0,-132.0,7.330172,33.249374,-0.21157141,-0.19347602,-0.66161907
2026-09-16 00:00:00,0.0,-72.0,-130.0,7.1711435,33.28061,-0.16125633,-0.191769,-0.67226374
2026-09-16 00:00:00,0.0,-72.0,-128.0,7.2678294,33.218513,-0.1718915,-0.21531563,-0.6975937
2026-09-16 00:00:00,0.0,-72.0,-126.0,7.182139,32.97655,-0.108089216,-0.17528783,-0.6416924
2026-09-16 00:00:00,0.0,-72.0,-124.0,7.2573013,33.02474,-0.079676986,-0.25044054,-0.62909687
2026-09-16 00:00:00,0.0,-72.0,-122.0,7.663204,33.169376,-0.08451251,-0.11526513,-0.63361067
2026-09-16 00:00:00,0.0,-72.0,-120.0,7.262596,33.213985,-0.05728852,-0.20217945,-0.6107833
2026-09-16 00:00:00,0.0,-72.0,-118.0,7.9789524,33.111446,-0.16019666,-0.27088323,-0.6325382
2026-09-16 00:00:00,0.0,-72.0,-116.0,7.5511394,33.14779,-0.15138517,-0.1685953,-0.6129543
2026-09-16 00:00:00,0.0,-72.0,-114.0,7.4894433,32.885826,-0.110259034,-0.24842381,-0.5989799
2026-09-16 00:00:00,0.0,-72.0,-112.0,7.280804,32.91934,-0.09161708,-0.1836962,-0.5643004
2026-09-16 00:00:00,0.0,-72.0,-110.0,7.592538,32.961136,-0.03079319,-0.14560248,-0.54775816
2026-09-16 00:00:00,0.0,-72.0,-108.0,7.3373485,33.072968,0.0065760585,-0.022513622,-0.5746954
2026-09-16 00:00:00,0.0,-72.0,-106.0,7.4768777,33.038723,-0.16676535,-0.12076385,-0.5608892
2026-09-16 00:00:00,0.0,-72.0,-104.0,7.964493,33.20881,-0.028690292,-0.1285021,-0.5324506
2026-09-16 00:00:00,0.0,-72.0,-102.0,7.433264,32.948463,-0.062329184,-0.06888438,-0.5741344
2026-09-16 00:00:00,0.0,-72.0,-100.0,7.6823306,32.822464,-0.009495062,-0.12184685,-0.53183776
2026-09-16 00:00:00,0.0,-72.0,-98.0,7.3118405,32.97957,-0.07060454,-0.07724001,-0.5104041
2026-09-16 00:00:00,0.0,-72.0,-96.0,7.445478,32.97836,-0.004626516,-0.049189415,-0.46831393
2026-09-16 00:00:00,0.0,-72.0,-94.0,7.806636,33.192795,0.03820891,-0.049032606,-0.5118609
2026-09-16 00:00:00,0.0,-72.0,-92.0,7.3270826,33.001537,-0.011749324,-0.049601823,-0.5035311
2026-09-16 00:00:00,0.0,-72.0,-90.0,7.8149657,32.949966,0.057510015,-0.040754355,-0.51218563
2026-09-16 00:00:00,0.0,-72.0,-88.0,7.594026,32.913963,0.0035989336,0.030401872,-0.4725159
2026-09-16 00:00:00,0.0,-72.0,-86.0,7.3399825,33.04288,0.0010798756,0.0868011,-0.4481499
2026-09-16 00:00:00,0.0,-72.0,-84.0,7.5789576,32.92591,0.011136867,0.11295513,-0.39030334
2026-09-16 00:00:00,0.0,-72.0,-82.0,7.646987,32.999718,0.06474675,0.19841072,-0.45123586
2026-09-16 00:00:00,0.0,-72.0,-80.0,7.576838,33.033833,0.092784464,0.24255936,-0.44008663
2026-09-16 00:00:00,0.0,-72.0,-78.0,7.138431,33.078465,0.12546997,0.07228278,-0.4175383
2026-09-16 00:00:00,0.0,-72.0,-76.0,7.3070483,32.908604,-0.006338703,0.14398909,-0.39356065
2026-09-16 00:00:00,0.0,-72.0,-74.0,7.402972,33.26087,0.12222105,0.08516203,-0.38480255
2026-09-16 00:00:00,0.0,-72.0,-72.0,7.437589,33.004807,0.012482487,0.08250918,-0.3768599
2026-09-16 00:00:00,0.0,-72.0,-70.0,7.57661,32.891098,0.18822205,0.17245626,-0.3840628
2026-09-16 00:00:00,0.0,-72.0,-68.0,7.488016,32.93507,0.10191898,0.1397854,-0.36058432
2026-09-16 00:00:00,0.0,-72.0,-66.0,7.185407,32.91117,0.123040035,0.21271282,-0.38284355
2026-09-16 00:00:00,0.0,-72.0,-64.0,7.5285153,33.140812,0.18371804,0.23463193,-0.34547517
2026-09-16 00:00:00,0.0,-72.0,-62.0,7.574593,33.033615,0.1276604,0.11075118,-0.33043307
2026-09-16 00:00:00,0.0,-72.0,-60.0,7.564434,33.00158,0.0694915,0.15324202,-0.34615672
2026-09-16 00:00:00,0.0,-72.0,-58.0,7.668632,33.07074,0.18407096,0.17688453,-0.3237397
2026-09-16 00:00:00,0.0,-72.0,-56.0,7.6192603,33.097973,0.18034132,0.20559017,-0.31914163
2026-09-16 00:00:00,0.0,-72.0,-54.0,7.544312,33.29655,0.1246454,0.14190368,-0.3145893
2026-09-16 00:00:00,0.0,-72.0,-52.0,7.4384427,33.260334,0.12337545,0.24561737,-0.28538442
2026-09-16 00:00:00,0.0,-72.0,-50.0,7.1202836,33.01733,0.11623802,0.14130875,-0.2733333
2026-09-16 00:00:00,0.0,-72.0,-48.0,7.5383997,33.102867,0.07764253,0.22757792,-0.27872264
2026-09-16 00:00:00,0.0,-72.0,-46.0,7.4940133,33.088093,0.12803368,0.28294668,-0.24883921
2026-09-16 00:00:00,0.0,-72.0,-44.0,7.5067916,33.240437,0.14600083,0.27860555,-0.26906553
2026-09-16 00:00:00,0.0,-72.0,-42.0,7.197126,33.274086,0.20550898,0.20828234,-0.27075115
2026-09-16 00:00:00,0.0,-72.0,-40.0,7.2362647,33.350636,0.2407089,0.25151017,-0.26466194
2026-09-16 00:00:00,0.0,-72.0,-38.0,7.6631064,33.17445,0.25770354,0.28185198,-0.27330905
2026-09-16 00:00:00,0.0,-72.0,-36.0,7.444565,33.29066,0.13284983,0.36558762,-0.20378572
2026-09-16 00:00:00,0.0,-72.0,-34.0,7.588776,33.14999,0.20451991,0.22784378,-0.187597
2026-09-16 00:00:00,0.0,-72.0,-32.0,7.4581394,33.489414,0.37485203,0.23742647,-0.21527861
2026-09-16 00:00:00,0.0,-72.0,-30.0,7.458427,33.4095,0.15982677,0.27685726,-0.23456429
2026-09-16 00:00:00,0.0,-72.0,-28.0,7.6401324,33.368637,0.2688616,0.3281322,-0.20545274
2026-09-16 00:00:00,0.0,-72.0,-26.0,7.349267,33.46999,0.21546379,0.22691338,-0.16229202
2026-09-16 00:00:00,0.0,-72.0,-24.0,7.4717,33.418304,0.1656425,0.114765994,-0.2078322
2026-09-16 00:00:00,0.0,-72.0,-22.0,7.3600206,33.521465,0.25117978,0.2260304,-0.18380983
2026-09-16 00:00:00,0.0,-72.0,-20.0,7.3655767,33.486217,0.22924994,0.20278135,-0.20844167
2026-09-16 00:00:00,0.0,-72.0,-18.0,7.390641,33.513565,0.12680477,0.10089139,-0.18954787
2026-09-16 00:00:00,0.0,-72.0,-16.0,7.4969025,33.543083,0.22535488,0.13445716,-0.16194467
2026-09-16 00:00:00,0.0,-72.0,-14.0,7.356726,33.65239,0.17292088,0.13699907,-0.2120544
2026-09-16 00:00:00,0.0,-72.0,-12.0,7.703627,33.668148,0.2685453,0.03473651,-0.1518444
2026-09-16 00:00:00,0.0,-72.0,-10.0,7.2735543,33.612263,0.22899163,0.12009023,-0.15683901
2026-09-16 00:00:00,0.0,-72.0,-8.0,7.4151015,33.7527,0.26906914,0.06320474,-0.21237248
2026-09-16 00:00:00,0.0,-72.0,-6.0,7.3645296,33.7184,0.19990717,0.05323862,-0.18957739
2026-09-16 00:00:00,0.0,-72.0,-4.0,7.7418714,33.650738,0.2437568,0.030599577,-0.1509735
2026-09-16 00:00:00,0.0,-72.0,-2.0,7.491787,33.743885,0.1783122,0.031484712,-0.17176947
2026-09-16 00:00:00,0.0,-72.0,0.0,7.658845,33.88584,0.1963804,-0.0026479443,-0.15931211
2026-09-16 00:00:00,0.0,-72.0,2.0,7.1553636,33.860382,0.26371786,-0.059378184,-0.16104312
2026-09-16 00:00:00,0.0,-72.0,4.0,7.505886,33.741104,0.22098571,0.016803028,-0.17803973
2026-09-16 00:00:00,0.0,-72.0,6.0,7.630402,33.764053,0.21448608,-0.0380697,-0.17314573
2026-09-16 00:00:00,0.0,-72.0,8.0,7.4689326,33.823616,0.2728925,-0.07260957,-0.15203121
2026-09-16 00:00:00,0.0,-72.0,10.0,7.6655717,34.026386,0.30246484,-0.06846096,-0.1740629
2026-09-16 00:00:00,0.0,-72.0,12.0,7.349018,33.90738,0.14907952,-0.12338723,-0.20715457
2026-09-16 00:00:00,0.0,-72.0,14.0,7.7343454,33.93676,0.28485066,-0.12647708,-0.21417162
2026-09-16 00:00:00,0.0,-72.0,16.0,7.9122553,34.012764,0.19075067,-0.14521389,-0.16805705
2026-09-16 00:00:00,0.0,-72.0,18.0,7.379908,34.127136,0.19818313,-0.15792497,-0.19032474
2026-09-16 00:00:00,0.0,-72.0,20.0,7.363375,33.920906,0.21983796,-0.17977493,-0.21275245
2026-09-16 00:00:00,0.0,-72.0,22.0,7.7431526,34.142834,0.19605793,-0.15818065,-0.19959477
2026-09-16 00:00:00,0.0,-72.0,24.0,7.76839,33.97723,0.24911882,-0.20548329,-0.206729
2026-09-16 00:00:00,0.0,-72.0,26.0,7.3479037,34.148968,0.14914934,-0.18124054,-0.20407252
2026-09-16 00:00:00,0.0,-72.0,28.0,7.3684382,34.02535,0.24022113,-0.1972561,-0.19986247
2026-09-16 00:00:00,0.0,-72.0,30.0,7.396119,34.167683,0.26163003,-0.18504259,-0.21813469
2026-09-16 00:00:00,0.0,-72.0,32.0,7.1835856,34.251305,0.14535628,-0.19458199,-0.22864902
2026-09-16 00:00:00,0.0,-72.0,34.0,7.2687454,34.343693,0.19194621,-0.21338415,-0.22464861
2026-09-16 00:00:00,0.0,-72.0,36.0,7.2516475,34.18393,0.2256881,-0.18964706,-0.23915592
2026-09-16 00:00:00,0.0,-72.0,38.0,7.2989163,34.183136,0.30980372,-0.14731105,-0.23776251
2026-09-16 00:00:00,0.0,-72.0,40.0,7.445539,34.255478,0.2060399,-0.25846604,-0.23462802
2026-09-16 00:00:00,0.0,-72.0,42.0,7.4993186,34.22284,0.20944586,-0.22816317,-0.25238726
2026-09-16 00:00:00,0.0,-72.0,44.0,7.762576,34.27354,0.16945383,-0.20905471,-0.27189904
2026-09-16 00:00:00,0.0,-72.0,46.0,7.252805,34.485447,0.081625,-0.33313406,-0.24008642
2026-09-16 00:00:00,0.0,-72.0,48.0,7.64934,34.32847,0.12180276,-0.2953526,-0.2987182
2026-09-16 00:00:00,0.0,-72.0,50.0,7.409678,34.52974,0.18653733,-0.27982178,-0.27911392
2026-09-16 00:00:00,0.0,-72.0,52.0,7.442583,34.29351,0.17515501,-0.18259433,-0.31925735
2026-09-16 00:00:00,0.0,-72.0,54.0,7.5874395,34.428215,0.09246095,-0.23929681,-0.2996648
2026-09-16 00:00:00,0.0,-72.0,56.0,7.2279315,34.363197,0.12863396,-0.20495199,-0.30298874
2026-09-16 00:00:00,0.0,-72.0,58.0,7.528958,34.381207,0.14055021,-0.16580836,-0.28786105
2026-09-16 00:00:00,0.0,-72.0,60.0,7.4857664,34.27382,0.06622154,-0.14912198,-0.35940862
2026-09-16 00:00:00,0.0,-72.0,62.0,7.5509663,34.34404,0.15507077,-0.118573666,-0.32816336
2026-09-16 00:00:00,0.0,-72.0,64.0,7.5103097,34.440006,0.06493647,-0.24135852,-0.3241811
2026-09-16 00:00:00,0.0,-72.0,66.0,7.943536,34.55414,0.07738622,-0.32495844,-0.35466632
2026-09-16 00:00:00,0.0,-72.0,68.0,7.324928,34.485645,0.04093525,-0.20420629,-0.3584737
2026-09-16 00:00:00,0.0,-72.0,70.0,7.3462763,34.501213,0.10372976,-0.16015851,-0.34950063
2026-09-16 00:00:00,0.0,-72.0,72.0,7.327848,34.480675,0.17221752,-0.2256508,-0.42825162
2026-09-16 00:00:00,0.0,-72.0,74.0,7.3413806,34.48851,0.12239135,-0.25224286,-0.3898934
2026-09-16 00:00:00,0.0,-72.0,76.0,7.3249984,34.60608,0.09316584,-0.12936834,-0.40224865
2026-09-16 00:00:00,0.0,-72.0,78.0,7.690279,34.547638,0.035537057,-0.07626953,-0.4155178
2026-09-16 00:00:00,0.0,-72.0,80.0,7.7365766,34.411823,0.069868706,-0.058356993,-0.40596128
2026-09-16 00:00:00,0.0,-72.0,82.0,7.3383265,34.632744,-0.00019422393,-0.11967812,-0.4532277
2026-09-16 00:00:00,0.0,-72.0,84.0,7.2860045,34.397636,0.13770959,-0.04866663,-0.4757117
2026-09-16 00:00:00,0.0,-72.0,86.0,7.546759,34.3359,0.0509892,-0.021797141,-0.4565893
2026-09-16 00:00:00,0.0,-72.0,88.0,7.342031,34.507507,-0.041227404,0.028720368,-0.48316357
2026-09-16 00:00:00,0.0,-72.0,90.0,7.579062,34.593826,-0.05811561,-0.043125905,-0.478617
2026-09-16 00:00:00,0.0,-72.0,92.0,7.4930606,34.63653,-0.019805634,-0.03311378,-0.51276267
2026-09-16 00:00:00,0.0,-72.0,94.0,7.149327,34.5435,-0.003352651,0.064315714,-0.5194866
2026-09-16 00:00:00,0.0,-72.0,96.0,7.7619767,34.418587,-0.09825788,-0.030982586,-0.5071467
2026-09-16 00:00:00,0.0,-72.0,98.0,7.811651,34.65524,0.07672708,0.063974224,-0.5381625
2026-09-16 00:00:00,0.0,-72.0,100.0,7.329918,34.6444,-0.0018901076,0.12082366,-0.5326068
2026-09-16 00:00:00,0.0,-72.0,102.0,7.3749356,34.55401,0.08752053,0.14151913,-0.531793
2026-09-16 00:00:00,0.0,-72.0,104.0,7.509649,34.427254,-0.06759857,0.13352434,-0.5407485
2026-09-16 00:00:00,0.0,-72.0,106.0,7.519367,34.611206,-0.0062689167,0.20485032,-0.5679237
2026-09-16 00:00:00,0.0,-72.0,108.0,7.5841846,34.407135,-0.09172119,0.11745431,-0.5553922
2026-09-16 00:00:00,0.0,-72.0,110.0,7.854517,34.566418,-0.072174676,0.18702179,-0.58845156
2026-09-16 00:00:00,0.0,-72.0,112.0,7.4170866,34.426563,-0.059445582,0.07900472,-0.558633
2026-09-16 00:00:00,0.0,-72.0,114.0,7.292816,34.441574,-0.07707494,0.29287654,-0.60011417
2026-09-16 00:00:00,0.0,-72.0,116.0,7.176612,34.345078,-0.0027611868,0.1726394,-0.602085
2026-09-16 00:00:00,0.0,-72.0,118.0,7.3062897,34.568516,-0.034059703,0.24195357,-0.59901327
2026-09-16 00:00:00,0.0,-72.0,120.0,7.4458504,34.551052,-0.13122283,0.2739955,-0.61510205
2026-09-16 00:00:00,0.0,-72.0,122.0,7.8113875,34.50777,-0.14873691,0.185564,-0.635355
2026-09-16 00:00:00,0.0,-72.0,124.0,7.3489537,34.334267,-0.2352863,0.1992813,-0.6318769
2026-09-16 00:00:00,0.0,-72.0,126.0,7.4972334,34.5129,-0.17925206,0.22874218,-0.64480394
2026-09-16 00:00:00,0.0,-72.0,128.0,7.449191,34.36536,-0.050297003,0.21545358,-0.66551083
2026-09-16 00:00:00,0.0,-72.0,130.0,7.6901546,34.277386,-0.15597713,0.10428309,-0.6603688
2026-09-16 00:00:00,0.0,-72.0,132.0,7.9578624,34.443577,-0.14937855,0.21554177,-0.68313485
2026-09-16 00:00:00,0.0,-72.0,134.0,7.346302,34.289692,-0.16379966,0.21149048,-0.6948698
2026-09-16 00:00:00,0.0,-72.0,136.0,7.354588,34.289066,-0.1507368,0.2745737,-0.6864927
2026-09-16 00:00:00,0.0,-72.0,138.0,7.661308,34.243706,-0.23212576,0.2148274,-0.7063131
2026-09-16 00:00:00,0.0,-72.0,140.0,7.5888543,34.40186,-0.13928463,0.13389741,-0.7440204
2026-09-16 00:00:00,0.0,-72.0,142.0,7.8218174,34.327217,-0.08063248,0.25749567,-0.6822978
2026-09-16 00:00:00,0.0,-72.0,144.0,7.5692616,34.28832,-0.15428005,0.2818251,-0.6987608
2026-09-16 00:00:00,0.0,-72.0,146.0,7.3806176,34.05688,-0.15140785,0.17152655,-0.7115002
2026-09-16 00:00:00,0.0,-72.0,148.0,7.5706067,34.238903,-0.264004,0.1471581,-0.72049934
2026-09-16 00:00:00,0.0,-72.0,150.0,7.6742167,34.153072,-0.19707222,0.2903831,-0.7385007
2026-09-16 00:00:00,0.0,-72.0,152.0,7.6165724,34.156757,-0.1971356,0.09114546,-0.74138665
2026-09-16 00:00:00,0.0,-72.0,154.0,7.5539308,34.292824,-0.2714163,0.13835986,-0.7455522
2026-09-16 00:00:00,0.0,-72.0,156.0,7.6658106,34.193123,-0.1687794,0.07975757,-0.72621363
2026-09-16 00:00:00,0.0,-72.0,158.0,7.686335,34.168507,-0.27160954,0.12828556,-0.7798653
2026-09-16 00:00:00,0.0,-72.0,160.0,7.7289076,33.9818,-0.13327102,0.14663865,-0.76753277
2026-09-16 00:00:00,0.0,-72.0,162.0,7.5822177,33.99854,-0.29688105,0.20819367,-0.7741322
2026-09-16 00:00:00,0.0,-72.0,164.0,7.419052,34.200886,-0.20652957,0.11172224,-0.8096329
2026-09-16 00:00:00,0.0,-72.0,166.0,7.4818187,33.864418,-0.15173644,0.07564403,-0.7377546
2026-09-16 00:00:00,0.0,-72.0,168.0,7.6937776,33.928097,-0.27806678,0.0444215,-0.7483807
2026-09-16 00:00:00,0.0,-72.0,170.0,7.2890887,33.87086,-0.20432009,0.10091699,-0.77717227
2026-09-16 00:00:00,0.0,-72.0,172.0,7.5262103,33.97865,-0.31388646,0.038654577,-0.76460266
2026-09-16 00:00:00,0.0,-72.0,174.0,7.373808,33.79492,-0.31940266,0.049097743,-0.79548454
2026-09-16 00:00:00,0.0,-72.0,176.0,7.458225,33.74756,-0.36568618,0.09575107,-0.80183935
2026-09-16 00:00:00,0.0,-72.0,178.0,7.708166,33.763412,-0.1988971,0.02639797,-0.7964598
2026-09-16 00:00:00,0.0,-72.0,-180.0,7.4906955,33.75591,-0.2419341,-0.052396826,-0.77963036
2026-09-16 00:00:00,0.0,-70.0,-180.0,8.419185,33.978848,-0.2581201,-0.037699297,-0.78982407
2026-09-16 00:00:00,0.0,-70.0,-178.0,8.137926,33.726818,-0.33134547,-0.0036084966,-0.7520863
2026-09-16 00:00:00,0.0,-70.0,-176.0,8.559148,33.8272,-0.17176498,-0.09050748,-0.75118095
2026-09-16 00:00:00,0.0,-70.0,-174.0,8.538994,33.822495,-0.17274885,-0.07786801,-0.8124685
2026-09-16 00:00:00,0.0,-70.0,-172.0,8.842548,33.638485,-0.2629461,-0.08075821,-0.75034004
2026-09-16 00:00:00,0.0,-70.0,-170.0,8.348342,33.65471,-0.08629081,-0.07539451,-0.7287904
2026-09-16 00:00:00,0.0,-70.0,-168.0,8.453728,33.749893,-0.33835867,-0.10249365,-0.7484251
2026-09-16 00:00:00,0.0,-70.0,-166.0,8.459774,33.564713,-0.18491575,-0.10634376,-0.74266064
2026-09-16 00:00:00,0.0,-70.0,-164.0,8.725388,33.628113,-0.19222276,-0.11063329,-0.7682329
2026-09-16 00:00:00,0.0,-70.0,-162.0,8.390839,33.504303,-0.25470006,-0.22831978,-0.7228208
2026-09-16 00:00:00,0.0,-70.0,-160.0,8.465702,33.473602,-0.22001696,-0.13493377,-0.722894
2026-09-16 00:00:00,0.0,-70.0,-158.0,8.531477,33.4408,-0.15085644,-0.22223131,-0.7397613
2026-09-16 00:00:00,0.0,-70.0,-156.0,8.447219,33.462177,-0.24761868,-0.21111766,-0.7357421
2026-09-16 00:00:00,0.0,-70.0,-154.0,8.320611,33.63006,-0.21814115,-0.1905801,-0.7609885
2026-09-16 00:00:00,0.0,-70.0,-152.0,8.448715,33.430508,-0.11479326,-0.1080452,-0.7260541
2026-09-16 00:00:00,0.0,-70.0,-150.0,8.624623,33.385574,-0.19719137,-0.23819222,-0.7443896
2026-09-16 00:00:00,0.0,-70.0,-148.0,8.204595,33.510944,-0.17980763,-0.12461898,-0.7285942
2026-09-16 00:00:00,0.0,-70.0,-146.0,8.436491,33.599792,-0.12464313,-0.24808122,-0.73147017
2026-09-16 00:00:00,0.0,-70.0,-144.0,8.269874,33.371162,-0.10321269,-0.19023852,-0.68042564
2026-09-16 00:00:00,0.0,-70.0,-142.0,8.648907,33.33598,-0.17381103,-0.26739433,-0.6956694
2026-09-16 00:00:00,0.0,-70.0,-140.0,8.10526,33.408634,-0.19296758,-0.15551932,-0.6934319
2026-09-16 00:00:00,0.0,-70.0,-138.0,8.298113,33.24199,-0.21411195,-0.16099371,-0.705031
2026-09-16 00:00:00,0.0,-70.0,-136.0,8.48534,33.264633,-0.10156073,-0.19718982,-0.6942448
2026-09-16 00:00:00,0.0,-70.0,-134.0,8.723002,33.33441,-0.1740877,-0.16616213,-0.6592357
2026-09-16 00:00:00,0.0,-70.0,-132.0,8.396748,33.28427,-0.114119574,-0.21625072,-0.6912414
2026-09-16 00:00:00,0.0,-70.0,-130.0,8.298858,33.316647,-0.14709958,-0.21639042,-0.67012286
2026-09-16 00:00:00,0.0,-70.0,-128.0,8.786129,33.39025,-0.140926,-0.20889057,-0.61095035
2026-09-16 00:00:00,0.0,-70.0,-126.0,8.120295,33.205753,-0.19179258,-0.23420738,-0.61326206
2026-09-16 00:00:00,0.0,-70.0,-124.0,7.970136,33.10393,-0.053930238,-0.13512786,-0.6281302
2026-09-16 00:00:00,0.0,-70.0,-122.0,8.4979,33.214233,-0.10642193,-0.11986907,-0.6123307
2026-09-16 00:00:00,0.0,-70.0,-120.0,8.309486,33.04775,-0.15053403,-0.19364284,-0.6148567
2026-09-16 00:00:00,0.0,-70.0,-118.0,8.20565,33.24011,-0.03721131,-0.1408397,-0.6356919
2026-09-16 00:00:00,0.0,-70.0,-116.0,8.551569,33.178345,-0.09400834,-0.09809295,-0.63085455
2026-09-16 00:00:00,0.0,-70.0,-114.0,8.458657,33.289158,-0.172693,-0.16169263,-0.587461
2026-09-16 00:00:00,0.0,-70.0,-112.0,8.297082,33.332794,-0.07329071,-0.18441036,-0.563005
2026-09-16 00:00:00,0.0,-70.0,-110.0,8.153836,33.15719,0.018454185,-0.04643786,-0.6034177
2026-09-16 00:00:00,0.0,-70.0,-108.0,8.584389,33.097496,-0.110444546,-0.20060836,-0.5712563
2026-09-16 00:00:00,0.0,-70.0,-106.0,8.539938,33.24039,-0.044218812,-0.11568442,-0.5794547
2026-09-16 00:00:00,0.0,-70.0,-104.0,8.390062,33.13826,-0.0068384446,-0.11815861,-0.5724777
2026-09-16 00:00:00,0.0,-70.0,-102.0,8.779224,33.02276,-0.11073524,-0.03646907,-0.5174174
2026-09-16 00:00:00,0.0,-70.0,-100.0,8.19588,33.142334,-0.09404672,-0.091430485,-0.5500681
2026-09-16 00:00:00,0.0,-70.0,-98.0,8.104793,33.18727,-0.018718407,-0.11068216,-0.5272844
2026-09-16 00:00:00,0.0,-70.0,-96.0,8.271516,33.13373,-0.0025656512,-0.058144268,-0.5312537
2026-09-16 00:00:00,0.0,-70.0,-94.0,8.40078,33.234722,-0.00072481565,-0.013861148,-0.49623585
2026-09-16 00:00:00,0.0,-70.0,-92.0,8.458566,33.107403,0.06256608,0.0009836132,-0.47447255
2026-09-16 00:00:00,0.0,-70.0,-90.0,8.36165,33.034573,0.022929538,-0.00086461834,-0.4444841
2026-09-16 00:00:00,0.0,-70.0,-88.0,8.480309,32.908817,-0.1327302,-0.09744797,-0.4537897
2026-09-16 00:00:00,0.0,-70.0,-86.0,8.15959,32.957405,0.004327905,-0.00607826,-0.46290702
2026-09-16 00:00:00,0.0,-70.0,-84.0,8.69865,32.923317,0.018085996,0.069746,-0.44775096
2026-09-16 00:00:00,0.0,-70.0,-82.0,8.393467,32.930023,-0.0025140902,0.029901542,-0.3961692
2026-09-16 00:00:00,0.0,-70.0,-80.0,8.633356,33.03702,0.10636995,0.11302377,-0.43028644
2026-09-16 00:00:00,0.0,-70.0,-78.0,8.478442,33.16845,0.10180182,0.18780854,-0.39859238
2026-09-16 00:00:00,0.0,-70.0,-76.0,8.501248,33.154232,0.085697226,0.07785434,-0.41105908
2026-09-16 00:00:00,0.0,-70.0,-74.0,8.52385,33.13174,0.048151482,0.14779332,-0.40062824
2026-09-16 00:00:00,0.0,-70.0,-72.0,8.499439,33.04971,0.015039439,0.15869544,-0.39007843
2026-09-16 00:00:00,0.0,-70.0,-70.0,8.538442,33.13765,0.11286093,0.16098277,-0.36565986
2026-09-16 00:00:00,0.0,-70.0,-68.0,8.675728,32.99272,0.0967251,0.15839766,-0.37888202
2026-09-16 00:00:00,0.0,-70.0,-66.0,8.449202,33.19083,0.12074919,0.15339927,-0.31841144
2026-09-16 00:00:00,0.0,-70.0,-64.0,8.551698,33.191658,0.1185312,0.21937338,-0.3486036
2026-09-16 00:00:00,0.0,-70.0,-62.0,8.391951,33.056755,0.057966128,0.119635046,-0.32904926
2026-09-16 00:00:00,0.0,-70.0,-60.0,8.697921,33.07573,0.10822285,0.15483737,-0.33264777
2026-09-16 00:00:00,0.0,-70.0,-58.0,8.274619,33.296364,0.09066859,0.12785806,-0.3417575
2026-09-16 00:00:00,0.0,-70.0,-56.0,8.770085,33.087353,0.064691894,0.098671824,-0.3270662
2026-09-16 00:00:00,0.0,-70.0,-54.0,8.401866,33.303516,0.096378125,0.21576379,-0.2964846
2026-09-16 00:00:00,0.0,-70.0,-52.0,8.123742,33.19855,0.15073314,0.23131096,-0.28784198
2026-09-16 00:00:00,0.0,-70.0,-50.0,8.435518,33.13706,0.081955604,0.20759216,-0.30044934
2026-09-16 00:00:00,0.0,-70.0,-48.0,8.273687,33.248795,0.17726366,0.21888904,-0.2801815
2026-09-16 00:00:00,0.0,-70.0,-46.0,8.578026,33.181637,0.042365804,0.32540503,-0.27876747
2026-09-16 00:00:00,0.0,-70.0,-44.0,8.279372,33.371033,0.12833028,0.24195066,-0.2640283
2026-09-16 00:00:00,0.0,-70.0,-42.0,8.320661,33.356136,0.1643262,0.26825655,-0.2673223
2026-09-16 00:00:00,0.0,-70.0,-40.0,8.031989,33.239033,0.10846709,0.17504206,-0.23971857
2026-09-16 00:00:00,0.0,-70.0,-38.0,8.319436,33.54318,0.16360766,0.2275968,-0.23007408
2026-09-16 00:00:00,0.0,-70.0,-36.0,7.9251213,33.342022,0.18588483,0.26059765,-0.24203488
2026-09-16 00:00:00,0.0,-70.0,-34.0,8.093117,33.224094,0.1707056,0.23652302,-0.18249394
2026-09-16 00:00:00,0.0,-70.0,-32.0,8.56198,33.394085,0.09646502,0.2747746,-0.2102749
2026-09-16 00:00:00,0.0,-70.0,-30.0,8.567058,33.33092,0.15513474,0.19801898,-0.20763673
2026-09-16 00:00:00,0.0,-70.0,-28.0,8.494988,33.591667,0.18654758,0.2088552,-0.17529018
2026-09-16 00:00:00,0.0,-70.0,-26.0,8.216502,33.18217,0.24656083,0.14271253,-0.20547864
2026-09-16 00:00:00,0.0,-70.0,-24.0,8.400355,33.650703,0.22976089,0.14968121,-0.18992032
2026-09-16 00:00:00,0.0,-70.0,-22.0,8.409177,33.481865,0.14268558,0.14386857,-0.18678656
2026-09-16 00:00:00,0.0,-70.0,-20.0,8.178225,33.55084,0.090277836,0.08733308,-0.21317625
2026-09-16 00:00:00,0.0,-70.0,-18.0,8.710577,33.65927,0.23098992,0.08159093,-0.18187961
2026-09-16 00:00:00,0.0,-70.0,-16.0,8.58537,33.67862,0.23668817,0.16031118,-0.17846102
2026-09-16 00:00:00,0.0,-70.0,-14.0,8.365705,33.635677,0.21494853,0.15389027,-0.15303768
2026-09-16 00:00:00,0.0,-70.0,-12.0,8.415275,33.685413,0.23898804,0.02621546,-0.21469025
2026-09-16 00:00:00,0.0,-70.0,-10.0,8.451574,33.67335,0.2339316,0.1338513,-0.18460868
2026-09-16 00:00:00,0.0,-70.0,-8.0,8.001551,33.582623,0.1381634,0.010292864,-0.16321127
2026-09-16 00:00:00,0.0,-70.0,-6.0,8.360462,33.85737,0.24631028,0.10421332,-0.18744
2026-09-16 00:00:00,0.0,-70.0,-4.0,8.2735,33.88302,0.14482556,0.03276894,-0.14622253
2026-09-16 00:00:00,0.0,-70.0,-2.0,8.209574,33.81504,0.17614035,-0.014156021,-0.1627344
2026-09-16 00:00:00,0.0,-70.0,0.0,8.353678,33.611027,0.27701312,0.030148981,-0.21313526
2026-09-16 00:00:00,0.0,-70.0,2.0,8.769435,33.858315,0.16317305,0.020483341,-0.16531724
2026-09-16 00:00:00,0.0,-70.0,4.0,8.538066,33.985798,0.18979178,-0.06317139,-0.18204944
2026-09-16 00:00:00,0.0,-70.0,6.0,8.295662,33.733837,0.15043339,-0.008230704,-0.19123472
2026-09-16 00:00:00,0.0,-70.0,8.0,8.524414,33.982983,0.20041627,-0.025027512,-0.19088398
